Movie Name,Rating,Year,Director,Genre,Summary,Genre List
Udaan,8.1,2010,Vikramaditya Motwane,Drama,"Expelled from his school, a 16-year old boy returns home to his abusive and oppressive father.",Drama
Gangs of Wasseypur,8.2,2012,Anurag Kashyap,Action,"A clash between Sultan and Shahid Khan leads to the expulsion of Khan from Wasseypur, and ignites a deadly blood feud spanning three generations.","Action, Comedy, Crime"
Like Stars on Earth,8.3,2007,Aamir Khan,Drama,"An eight-year-old boy is thought to be a lazy trouble-maker, until the new art teacher has the patience and compassion to discover the real problem behind his struggles in school.","Drama, Family"
Dev.D,7.9,2009,Anurag Kashyap,Comedy,"After breaking up with his childhood sweetheart, a young man finds solace in drugs. Meanwhile, a teenage girl is caught in the world of prostitution. Will they be destroyed, or will they fin... Read all","Comedy, Drama, Romance"
Swades,8.2,2004,Ashutosh Gowariker,Drama,A successful Indian scientist returns to an Indian village to take his nanny to America with him and in the process rediscovers his roots.,"Drama, Musical"
3 Idiots,8.4,2009,Rajkumar Hirani,Comedy,"Two friends are searching for their long lost companion. They revisit their college days and recall the memories of their friend who inspired them to think differently, even as the rest of t... Read all","Comedy, Drama"
OMG: Oh My God!,8.1,2012,Umesh Shukla,Comedy,A shopkeeper takes God to court when his shop is destroyed by an earthquake.,"Comedy, Drama, Fantasy"
Rang De Basanti,8.1,2006,Rakeysh Omprakash Mehra,Comedy,"The story of six young Indians who assist an English woman to film a documentary on the freedom fighters from their past, and the events that lead them to relive the long-forgotten saga of f... Read all","Comedy, Crime, Drama"
Omkara,8.0,2006,Vishal Bhardwaj,Action,A politically-minded enforcer's misguided trust in his lieutenant leads him to suspect his wife of infidelity in this adaptation of Shakespeare's 'Othello'.,"Action, Crime, Drama"
Pink,8.1,2016,Aniruddha Roy Chowdhury,Crime,"When three young women are implicated in a crime, a retired lawyer steps forward to help them clear their names.","Crime, Drama, Thriller"
Talvar,8.1,2015,Meghna Gulzar,Crime,An experienced investigator confronts several conflicting theories about the perpetrators of a violent double homicide.,"Crime, Drama, Mystery"
Chak De! India,8.1,2007,Shimit Amin,Drama,"Kabir Khan, the coach of the Indian Women's National Hockey Team, dreams of making his all-girls team emerge victorious against all odds.","Drama, Family, Sport"
Black,8.1,2005,Sanjay Leela Bhansali,Drama,"The cathartic tale of a young woman who can't see, hear, or speak, and the teacher who brings a ray of light into her dark world.",Drama
Andaz Apna Apna,8.0,1994,Rajkumar Santoshi,Action,Two slackers competing for the affections of an heiress inadvertently become her protectors from an evil criminal.,"Action, Comedy, Romance"
Laal Rang,7.8,2016,Syed Ahmad Afzal,Comedy,The friendship of two men is tested when things go wrong in their blood theft business.,"Comedy, Crime, Drama"
Drishyam,8.2,2015,Nishikant Kamat,Crime,"Desperate measures are taken by a man who tries to save his family from the dark side of the law, after they commit an unexpected crime.","Crime, Drama, Mystery"
Dangal,8.3,2016,Nitesh Tiwari,Action,Former wrestler Mahavir Singh Phogat and his two wrestler daughters struggle towards glory at the Commonwealth Games in the face of societal oppression.,"Action, Biography, Drama"
Black Friday,8.4,2004,Anurag Kashyap,Action,"A film about the investigations following the 1993 serial Bombay bomb blasts, told through the different stories of the people involved --police, conspirators, victims, middlemen.","Action, Crime, Drama"
Thirst,8.3,1957,Guru Dutt,Drama,"Vijay, a talented but indigent poet, struggles for love and recognition in this selfish world.","Drama, Musical, Romance"
Jaane Bhi Do Yaaro,8.3,1983,Kundan Shah,Comedy,"Two photographers, who are employed by a magazine editor to expose the scandalous activities of the rich, come across corruption by a builder and accidentally photograph a murder.","Comedy, Crime, Drama"
A Wednesday,8.1,2008,Neeraj Pandey,Action,A retiring police officer reminisces about the most astounding day of his career. About a case that was never filed but continues to haunt him in his memories - the case of a man and a Wedne... Read all,"Action, Crime, Drama"
Dil Chahta Hai,8.1,2001,Farhan Akhtar,Comedy,"Three inseparable childhood friends are just out of college. Nothing comes between them - until they each fall in love, and their wildly different approaches to relationships creates tension... Read all","Comedy, Drama, Romance"
PK,8.1,2014,Rajkumar Hirani,Comedy,An alien on Earth loses the only device he can use to communicate with his spaceship. His innocent nature and child-like questions force the country to evaluate the impact of religious views... Read all,"Comedy, Drama, Sci-Fi"
Mother India,7.8,1957,Mehboob Khan,Action,"In this melodrama, a poverty-stricken woman raises her sons through many trials and tribulations. But no matter the struggles, she always sticks to her own moral code.","Action, Comedy, Drama"
Anand,8.1,1971,Hrishikesh Mukherjee,Drama,"The story of a terminally ill man who wishes to live life to the fullest before the inevitable occurs, as told by his best friend.","Drama, Musical"
Gol Maal,8.5,1979,Hrishikesh Mukherjee,Comedy,A man's simple lie to secure his job escalates into more complex lies when his orthodox boss gets suspicious.,"Comedy, Romance"
Chupke Chupke,8.3,1975,Hrishikesh Mukherjee,Comedy,A newly wedded husband plays a practical joke on his wife's family with full support from his wife and friends.,"Comedy, Drama, Romance"
Guide,8.3,1965,Vijay Anand,Drama,"When mistaken to be a sage by some villagers, an ex-tour guide reflects on his past and lost love to search for spiritual wisdom to guide the villagers.","Drama, Romance"
Khosla Ka Ghosla!,8.2,2006,Dibakar Banerjee,Comedy,A Delhi-based retired middle-class man tries half-heartedly to get his land back from a swindling property dealer with the help of his sons and their friends.,"Comedy, Crime, Drama"
Shahid,8.2,2012,Hansal Mehta,Biography,"The account of Human Rights lawyer Shahid Azmi, an ordinary citizen with an extraordinary commitment to justice.","Biography, Drama"
Mughal-E-Azam,8.1,1960,K. Asif,Drama,A 16th century prince falls in love with a court dancer and battles with his emperor father.,"Drama, Romance, War"
Paan Singh Tomar,8.2,2012,Tigmanshu Dhulia,Action,"The story of Paan Singh Tomar, an Indian athlete and seven-time national steeplechase champion who becomes one of the most feared dacoits in Chambal Valley after his retirement.","Action, Biography, Crime"
Hera Pheri,8.2,2000,Priyadarshan,Action,"Three unemployed men look for answers to all their money problems - but when their opportunity arrives, will they know what to do with it?","Action, Comedy, Crime"
Queen,8.1,2013,Vikas Bahl,Adventure,A Delhi girl from a traditional family sets out on a solo honeymoon after her marriage gets cancelled.,"Adventure, Comedy, Drama"
Jo Jeeta Wohi Sikandar,8.1,1992,Mansoor Khan,Comedy,"A rich brat and a poor chap try to woo a girl, with their rivalry culminating in the most prestigious college event - the marathon cycle race.","Comedy, Drama, Romance"
Satya,8.3,1998,Ram Gopal Varma,Action,An innocent man is embroiled in underworld after being falsely charged and sets out to punish the perpetrators who subjected his life to misery.,"Action, Crime, Drama"
Bhaag Milkha Bhaag,8.2,2013,Rakeysh Omprakash Mehra,Biography,"The truth behind the ascension of Milkha Singh, who was scarred by of the India-Pakistan partition.","Biography, Drama, Sport"
The Legend of Bhagat Singh,8.1,2002,Rajkumar Santoshi,Action,The story of a young revolutionary who raised an armed resistance against the British rule in India.,"Action, Biography, Drama"
Manjhi: The Mountain Man,8.0,2015,Ketan Mehta,Biography,"Using only a hammer and a chisel, a man spends twenty-two years carving a road through a treacherous mountain.","Biography, Drama"
Neerja,7.6,2016,Ram Madhvani,Biography,"The story of courageous Neerja Bhanot, who sacrificed her life while protecting the lives of 359 passengers on Pan Am Flight 73 in 1986 when it was hijacked by a terrorist organization.","Biography, Drama, Thriller"
M.S. Dhoni: The Untold Story,8.0,2016,Mathur Goswami,Biography,The untold story of Mahendra Singh Dhoni's journey from ticket collector to trophy collector - the world-cup-winning captain of the Indian Cricket Team.,"Biography, Drama, Sport"
No One Killed Jessica,7.2,2011,Raj Kumar Gupta,Biography,"A journalist, who is more of an activist teams up with the sister of a murdered model, as she gets interested in the case and wants to bring justice to her case.","Biography, Crime, Drama"
Manto,7.3,2018,Nandita Das,Biography,The film is a biographical account of writer Saadat Hasan Manto's life and is set in 1940s India.,"Biography, Drama"
Ek Doctor Ki Maut,8.3,1990,Tapan Sinha,Biography,"After years of painstaking research at the cost of his domestic pleasure, Dr. Dipankar Roy discovers a vaccine for leprosy. The news is flashed over television and overnight, an insignifican... Read all","Biography, Drama"
Soorma,7.3,2018,Shaad Ali,Biography,"Soorma is the story of the triumph of the human spirit, about a player, who made headlines for his miraculous comeback after facing a near death experience through sheer determination, hard ... Read all","Biography, Drama, Sport"
"Gandhi, My Father",7.3,2007,Feroz Abbas Khan,Biography,The account of troubled relationship between Mahatma Gandhi and his eldest son.,"Biography, Drama, History"
Harishchandrachi Factory,8.4,2009,Paresh Mokashi,Biography,"In 1913 India's cinema industry is born from Dadasaheb Phalke's efforts to make Raja Harishchandra (1913), India's first feature-length B&W silent film.","Biography, Comedy, Drama"
Rakta Charitra,7.6,2010,Ram Gopal Varma,Action,A killer bandit decides to become a politician in order to avenge deaths in his family.,"Action, Biography, Crime"
Super 30,7.9,2019,Vikas Bahl,Biography,Based on the life of Patna-based mathematician Anand Kumar who runs the famed Super 30 program for IIT aspirants in Patna.,"Biography, Drama"
Aligarh,7.8,2015,Hansal Mehta,Biography,"A gay, linguistic professor living in a small orthodox city must deal with the aftermath of a sting operation that puts his sexual orientation in front of the entire nation.","Biography, Crime, Drama"
Saand Ki Aankh,7.5,2019,Tushar Hiranandani,Biography,"Both over the age of 60, Chandro Tomar and Prakashi Tomar inspire other women in India when they demonstrate their expert sharpshooting skills.","Biography, Drama"
Mary Kom,6.8,2014,Omung Kumar,Action,"A chronicle of the life of Indian boxer Mary Kom, who went through several hardships before audaciously accomplishing her ultimate dream.","Action, Biography, Drama"
Tanhaji: The Unsung Warrior,7.5,2020,Om Raut,Action,"Tanhaji Malusare, a military chieftain in the army of the Maratha king Shivaji, leads the charge to capture the strategically important Kondhana fort guarded by the army of the fierce Rajput... Read all","Action, Biography, Drama"
Bandit Queen,7.5,1994,Shekhar Kapur,Action,The story of the bandit queen Phoolan Devi who was sent to prison in 1983 and got free in 1994.,"Action, Biography, Crime"
Rang Rasiya,7.0,2008,Ketan Mehta,Biography,A look into the life of 19th century Indian painter Raja Ravi Varma.,"Biography, Drama, Romance"
Sarbjit,7.3,2016,Omung Kumar,Biography,"Biopic of Sarabjit Singh, a farmer residing at Bhikiwind, Punjab, near the Indo-Pak border, crossed the border after having a couple of drinks. However, he was mistaken to be an Indian spy a... Read all","Biography, Drama"
Omerta,7.1,2017,Hansal Mehta,Action,"A recounting of the story of infamous British-born terrorist Ahmed Omar Saeed Sheikh, who kidnapped and murdered Wall Street Journal reporter Daniel Pearl in 2002.","Action, Biography, Crime"
Kaagaz,7.3,2021,Satish Kaushik,Biography,A satirical comedy about a common man and the struggle he goes through to prove his existence after being falsely being declared dead on government records.,"Biography, Comedy, Drama"
Viruddh... Family Comes First,7.0,2005,Mahesh Manjrekar,Drama,An ordinary 60 plus couple - Vidhyadhar Patwardhan and his wife are forced to search for their faith in human values and society after the death of their only son Amar. In the process they u... Read all,"Drama, Family"
Veer-Zaara,7.8,2004,Yash Chopra,Drama,"""Veer-Zaara"" is a saga of love, separation, courage, and sacrifice. A love story that is an inspiration and will remain a legend forever.","Drama, Family, Musical"
Toolsidas Junior,7.4,2022,Mridul Toolsidas,Drama,"Watching his father lose the 1994 Club Snooker Championship, 13-year-old Midi takes on the impossible journey to bring his father's name on the Winner's Board.","Drama, Family, Sport"
The Blue Umbrella,7.3,2005,Vishal Bhardwaj,Comedy,"In a small village when a little girl's prescious umbrella is stolen, things goes wrong for a greedy tea seller who was very much interested in buying that umbrella from her.","Comedy, Drama, Family"
Tapasya,7.2,1976,Anil Ganguly,Drama,"The oldest daughter of an old and ailing man falls in love with the doctor treating her father, but the mother of the doctor insists that the girl must leave everything she does and stay wit... Read all","Drama, Family"
Stanley Ka Dabba,7.8,2011,Amole Gupte,Comedy,"A school-teacher, who forces children to share their food with him, forbids one from entering the school until he brings his own Tiffin/Lunch-box.","Comedy, Drama, Family"
Silsila,7.2,1981,Yash Chopra,Drama,"SILSILA is a love story, thwarted by society's demands, which reappears as adultery but can it survive in the face of society?","Drama, Family, Romance"
Shubh Nikah,7.2,2023,Arshad Siddiqui,Comedy,"Families of two different cultures join hands and come together for love, humanity, and peace with a strong message of national integrity","Comedy, Drama, Family"
Shri Krishna Leela,7.9,1971,Homi Wadia,Adventure,"Maharaj Kans rules Mathura and lives a lavish and wealthy lifestyle. He gets his sister, Devki, married to Vasudev, but shortly after the marriage finds out that Devki's 8th child will kill ... Read all","Adventure, Comedy, Drama"
Sharmaji Namkeen,7.5,2022,Hitesh Bhatia,Comedy,A light-hearted coming-of-age story of a lovable 60-year-old-man.,"Comedy, Drama, Family"
Saudagar,7.4,1973,Sudhendu Roy,Drama,A calculative man schemes to deceit a poor but young widow for his personal monetary gains.,"Drama, Family"
Sansar,8.0,1951,S.S. Vasan,Drama,"A struggling clerk lives with his wife and two children. Their blissful life is threatened with the arrival of his scheming mother and sister. A short time later, the clerk disappears, aband... Read all","Drama, Family"
Sanjh Aur Savera,7.2,1964,Hrishikesh Mukherjee,Drama,"Dr. Shankar Chaudhry lives a wealthy lifestyle in Bombay with his widowed mom, Rukmini, and younger sister, Manju. His mom would like him to get married to Ambala-based Advocate Madhusudan's... Read all","Drama, Family"
Saanjh,8.1,2017,Ajay K Saklanni,Drama,"When Saanjh's father sends her away to live with her grandmother in a remote village, she feels dejected and tries to escape. However with time as her bond with her grandmother becomes stron... Read all","Drama, Family"
Ribbon,6.9,2017,Rakhee Sandilya,Drama,A young working urban couple is overwhelmed with the birth of a baby girl and find that parenthood comes with its own challenges.,"Drama, Family"
Pyaasa Sawan,7.4,1981,Dasari Narayana Rao,Family,"While looking for employment, Chandrakant is mistaken for the son of a wealthy landlord by Prabhudas, who wants him to marry his only daughter, Shanti. By the time they find out the truth, i... Read all","Family, Romance"
Pooja Ke Phool,7.0,1964,A. Bhimsingh,Musical,"Balraj (Dharmendra), affectionately called Raj, by his elder brother (Nana Palsikar) and sister Vija (Madhumati), is a student in college in the arts semester. As the family is not very rich... Read all","Musical, Drama, Family"
Pocket Maar,7.2,1956,Harnam Singh Rawail,Action,"Roshan lives a poor lifestyle in Bombay with his widowed mother, who thinks he is gainfully employed, but Roshan has made crime his career and picks pockets and gambles for a living. A gangs... Read all","Action, Crime, Drama"
Piya Ka Ghar,7.0,1972,Basu Chatterjee,Comedy,"Malti Shankar lives in a fairly large house in a small town in India with her mom and dad, while her paternal uncle, Gauri Shankar, who has literally brought Malti up, lives in the house nex... Read all","Comedy, Drama, Family"
Parivar,7.5,1956,Asit Kumar Sen,Comedy,"A joint family consisting of four brothers, their wives, and their respective children, living under one roof. Some of the brothers are professionls, one a lawyer, a doctor, and others busin... Read all","Comedy, Drama, Family"
Parichay,7.6,1972,Gulzar,Drama,"In desperate need of a job, unemployed Ravi (Jeetendra) goes to his maternal uncle (A.K. Hangal) and aunt (Leela Mishra) in their village for a few days. His uncle decides that he can be a s... Read all","Drama, Family, Musical"
Pardes,8.3,1950,M. Sadiq,Drama,"Rajan, a teacher, falls in love with Chanda, a wealthy girl. However, he decides to go away from Chanda to earn money.","Drama, Family"
Kapoor & Sons,7.7,2016,Shakun Batra,Comedy,The story about two brothers who visit their dysfunctional family for their grandfather's birthday party.,"Comedy, Crime, Drama"
Ankhiyon Ke Jharokhon Se,7.6,1978,Hiren Nag,Drama,"A young man must deal with a broken engagement ceremony, while his to-be fianc√©e waits to be treated for blood cancer.","Drama, Family, Romance"
Manzil,6.9,1979,Basu Chatterjee,Drama,"Ajay Chandra, a hard working and ambitious young man, who dreams of bigger things than a small job. He has dreams of starting his own business. One day he meets Aruna at a friends wedding an... Read all","Drama, Romance, Family"
Heer Raanjha,7.1,1970,Chetan Anand,Musical,"Tragic love story. Punjabi ""Romeo and Juliet"".","Musical, Romance, Drama"
Mili,7.4,1975,Hrishikesh Mukherjee,Drama,"A reclusive, depressed man and a bubbly young woman fall in love but then find out that she has cancer.","Drama, Romance, Family"
Kal Aaj Aur Kal,6.5,1971,Randhir Kapoor,Family,"Widower Ram Kapoor lives a very wealthy lifestyle in Bombay, but is very lonely, as his only child, a son named Rajesh, lives abroad, and his aged dad, Diwan Bahadur, lives in the village. R... Read all","Family, Musical, Romance"
Baaz,6.6,1953,Guru Dutt,Action,"Nisha lives a poor lifestyle in the Portuguese-ruled Malabar region in India along with her widowed dad, Narayan Das. Both father and daughter are opposed to the oppressive rule of the Portu... Read all","Action, Adventure, Musical"
Kora Kagaz,7.3,1974,Anil Ganguly,Drama,"By the time we learn to live, life is gone.","Drama, Musical, Family"
Ek Saal,7.7,1957,Devendra Goel,Drama,The father of a dying woman pays a con artist to make his daughter's final year a happy one.,"Drama, Family, Romance"
Love in Simla,6.9,1960,R.K. Nayyar,Comedy,"After the untimely death of her father and step-mother, Sonia is orphaned and lives with her aunt and paternal uncle (Mrs. and General Rajpal Singh). Sonia is plain-looking as her real mothe... Read all","Comedy, Drama, Family"
Dard (Conflict of Emotions),7.4,1981,Ambrish Sangal,Drama,"Prosecuting Attorney Seema proceeds with the criminal prosecution of Deepak Srivastav, who is accused of Murder. She submits to the Judge to not be fooled by the innocent looks and the silen... Read all","Drama, Crime, Family"
Sholay,8.1,1975,Ramesh Sippy,Action,"After his family is murdered by a notorious and ruthless bandit, a former police officer enlists the services of two outlaws to capture the bandit.","Action, Adventure, Comedy"
Lagaan: Once Upon a Time in India,8.1,2001,Ashutosh Gowariker,Drama,The people of a small village in Victorian India stake their future on a game of cricket against their ruthless British rulers.,"Drama, Musical, Sport"
Zindagi Na Milegi Dobara,8.2,2011,Zoya Akhtar,Comedy,Three friends decide to turn their fantasy vacation into reality after one of their friends gets engaged.,"Comedy, Drama, Musical"
Kal Ho Naa Ho,7.9,2003,Nikkhil Advani,Comedy,"Naina, an introverted, perpetually depressed girl's life changes when she meets Aman. But Aman has a secret of his own which changes their lives forever. Embroiled in all this is Rohit, Nain... Read all","Comedy, Drama, Musical"
Mr. India,7.7,1987,Shekhar Kapur,Action,"A poor but big-hearted man takes orphans into his home. After discovering his scientist father's invisibility device, he rises to the occasion and fights to save his children and all of Indi... Read all","Action, Comedy, Drama"
Agneepath,7.6,1990,Mukul Anand,Action,"A young boy's quest for revenge leads him to become a gangster as an adult, and with each day he becomes more and more like his enemies. Can he find vengeance and redemption?","Action, Crime, Drama"
Kabhi Haan Kabhi Naa,7.6,1994,Kundan Shah,Comedy,A dreamer falls for a girl who is in love with someone else and tries to create a rift between her and the man she loves.,"Comedy, Drama, Music"
Kuch Kuch Hota Hai,7.5,1998,Karan Johar,Comedy,"During their college years, Anjali was in love with her best-friend Rahul, but he had eyes only for Tina. Years later, Rahul and the now-deceased Tina's eight-year-old daughter attempts to r... Read all","Comedy, Drama, Musical"
Baazigar,7.6,1993,Abbas Alibhai Burmawalla,Crime,"A young man with a vendetta against a business tycoon seduces the man's younger daughter, but she begins to suspect her new lover's connection with her elder sister and his ulterior motive.","Crime, Drama, Musical"
Devdas,7.5,2002,Sanjay Leela Bhansali,Drama,"After his wealthy family prohibits him from marrying the woman he is in love with, Devdas Mukherjee's life spirals further and further out of control as he takes up alcohol and a life of vic... Read all","Drama, Musical, Romance"
Qayamat Se Qayamat Tak,7.4,1988,Mansoor Khan,Drama,"Despite knowing that their respective families are bitter enemies, Raj and Rashmi fall in love with each other and decide to elope.","Drama, Musical, Romance"
Hum Dil De Chuke Sanam,7.4,1999,Sanjay Leela Bhansali,Comedy,"Nandini has to choose between Sameer, the man who taught her to fall in love; and Vanraj, the man from whom she learnt how to abide and fulfill promises of love.","Comedy, Drama, Musical"
Hum Aapke Hain Koun..!,7.5,1994,Sooraj R. Barjatya,Comedy,"Prem and Nisha meet and fall in love at the wedding of their elder siblings, but their plans to be together are put in jeopardy when Nisha's sister dies, leaving behind a baby.","Comedy, Drama, Musical"
Rangeela,7.4,1995,Ram Gopal Varma,Comedy,A middle-class young woman who dreams of Bollywood fame is caught in a love triangle between her childhood friend and a famous actor.,"Comedy, Drama, Musical"
Rehnaa Hai Terre Dil Mein,7.5,2001,Gautham Vasudev Menon,Comedy,"Maddy impersonates Rajeev, the person his love interest, Reena, is about to marry and attempts to woo her. However, he is unprepared for the moment when the truth will be revealed.","Comedy, Drama, Musical"
Kabhi Khushi Kabhie Gham...,7.4,2001,Karan Johar,Drama,"After marrying a poor woman, rich Rahul is disowned by his father and moves to London to build a new life. Years later, his now-grown younger brother Rohan embarks on a mission to bring Rahu... Read all","Drama, Musical, Romance"
Life in a Metro,7.4,2007,Anurag Basu,Comedy,"Six different stories, about nine people, each with different issues and problems, all occurring within one place: the METRO.","Comedy, Drama, Musical"
Khiladi,7.1,1992,Abbas Alibhai Burmawalla,Action,"Two friends wage bets for money and fun. There comes a time where they race to win the biggest bet, for they know that their lives depend on it.","Action, Musical, Mystery"
Maine Pyar Kiya,7.3,1989,Sooraj R. Barjatya,Drama,"After Suman's father leaves her in the care of another family while he travels abroad, she falls in love with Prem. However, in order to for them to marry, Prem has to prove to Suman's fathe... Read all","Drama, Musical, Romance"
Parineeta,7.2,2005,Pradeep Sarkar,Drama,The lifelong romance between Lolita (Balan) and Shekar (Khan) is upset by the arrival of another man.,"Drama, Musical, Romance"
Saajan,7.2,1991,Lawrence D'Souza,Drama,A poet (Sanjay Dutt) and his best friend (Salman Khan) fall in love with the same woman (Madhuri Dixit).,"Drama, Musical, Romance"
Airlift,7.9,2016,Raja Menon,Action,"When Iraq invades Kuwait in August 1990, a callous Indian businessman becomes the spokesperson for more than 170,000 stranded countrymen.","Action, Drama, History"
Border,7.9,1997,J.P. Dutta,Action,"In 1971, along the border region of Longewala, a small battalion of Indian soldiers goes up against a large Pakistani strike force.","Action, Drama, History"
Parmanu: The Story of Pokhran,7.6,2018,Abhishek Sharma,Action,"Ashwat Raina and his teammates arrive in Pokhran to re-conduct a confidential nuclear test, where they face challenges from the American Lacrosse satellite and local spies.","Action, Drama, History"
Jodhaa Akbar,7.5,2008,Ashutosh Gowariker,Action,"A sixteenth century love story about a marriage of alliance that gave birth to true love between a great Mughal emperor, Akbar, and a Rajput princess, Jodha.","Action, Drama, History"
Uri: The Surgical Strike,8.2,2019,Aditya Dhar,Action,"Indian army special forces execute a covert operation, avenging the killing of fellow army men at their base by a terrorist group.","Action, Drama, History"
Padmaavat,7.1,2018,Sanjay Leela Bhansali,Drama,"Set in medieval Rajasthan, Queen Padmavati is married to a noble king and they live in a prosperous fortress with their subjects until an ambitious Sultan hears of Padmavati's beauty and for... Read all","Drama, History, Romance"
Batla House,7.2,2019,Nikkhil Advani,Action,"In 2008, a violent shootout with terror suspects leaves one police officer struggling to hunt down the fugitives and justify the police action.","Action, Crime, Drama"
Religion,8.0,2007,Bhavna Talwar,Drama,"When a priest's wife brings home an orphan boy, her husband is against it. Over time, he develops a connection with him, but is shocked when he finds out the boy's religion.","Drama, History"
Kaala Patthar,7.6,1979,Yash Chopra,Action,Inspired by a true mining tragedy the film is about people from all walks of life showing courage and character to fight the forces of nature.,"Action, Drama, History"
Parzania,7.5,2005,Rahul Dholakia,Drama,"A parsi family struggles to find thier son in a genocide carried out by vested interests outfits during 2002, commonly known as Gujarat riots which broke out after the Godhra Train Burning i... Read all","Drama, History"
Kesari,7.4,2019,Anurag Singh,Action,"Based on an incredible true story of the Battle of Saragarhi in which an army of 21 Sikhs fought against 10,000 Afghans in 1897.","Action, Drama, History"
Bajirao Mastani,7.3,2015,Sanjay Leela Bhansali,Action,"An account of the romance between the Maratha general, Baji Rao I and Mastani, princess of Bundelkhand.","Action, Drama, History"
Gold,7.3,2018,Reema Kagti,Drama,The journey of a man who was instrumental in making India win its first Olympic gold medal as a free nation.,"Drama, History, Sport"
Firaaq,7.3,2008,Nandita Das,Drama,Chronicles the devastating impact on vulnerable Muslims in Gujarat after riots.,"Drama, History, Thriller"
Pardesi,6.8,1957,Khwaja Ahmad Abbas,Adventure,"The film is based on travelogues of XV century Russian traveler Afanasy Nikitin called ""A journey beyond the three seas""","Adventure, Biography, History"
Chanakya Chandragupta,7.4,1977,N.T. Rama Rao,Action,The story of the courageous king ' Chandragupta ' of the mourya dynasty.,"Action, Drama, History"
Anarkali,7.1,1953,Nandlal Jaswantlal,History,Misunderstandings arise between Akbar and his son Salim when he disapproves his son's love.,"History, Musical, Romance"
Shahjehan,7.4,1946,Abdul Rashid Kardar,Drama,"Circa the Mugal rule in Hindustan, Shahjahan, the present emperor is approached by one of his subjects, whose daughter, Ruhi, is so beautiful, that her suitors have killed her to-be grooms, ... Read all","Drama, History, Romance"
'83,7.5,2021,Pritam Chakraborty,Biography,"On June 25, 1983, the Lord's Cricket Ground witnessed 14 men beat the two times World Champions West Indies, putting India back onto the cricket world stage.","Biography, Drama, History"
Maidaan,8.1,2024,Amit Ravindernath Sharma,Biography,"Inspired by the Indian national football team coach and manager Syed Abdul Rahim, who is regarded as the architect of Indian football.","Biography, Drama, History"
Chandu Champion,8.3,2024,Kabir Khan,Action,A man who faced one adversary after another with an undying spirit. His unwavering zeal and never give up attitude led to India's first individual gold medal in any form of the Olympics.,"Action, Biography, Drama"
Iqbal,8.1,2005,Nagesh Kukunoor,Drama,"Iqbal, the deaf and mute son of a farmer, has a passion for the game of cricket and seeks the tutelage of a washed-up, alcoholic ex-player.","Drama, Sport"
Kai Po Che,7.8,2013,Abhishek Kapoor,Drama,Three friends growing up in India at the turn of the millennium set out to open a training academy to produce the country's next cricket stars.,"Drama, Sport"
My Brother... Nikhil,7.3,2005,Onir,Crime,Famous swimmer Nikhil Kapoor (Suri) deals with the repercussions of announcing the fact that he has HIV/AIDS.,"Crime, Drama, Sport"
The Brawler,8.0,2017,Anurag Kashyap,Action,A boxer struggles to make his mark in the boxing world.,"Action, Drama, Sport"
Panga,6.8,2020,Ashwiny Iyer Tiwari,Drama,"Panga is inspired by the life of a National-level Kabbadi player from India. It follows her triumphs, struggle, and overcoming of stereotypes. It shows how important family love and support ... Read all","Drama, Sport"
Tiki Taka,6.9,2020,Parambrata Chattopadhyay,Comedy,"Revolves around Khelechi, an African national, who comes to India with a football laden with narcotics to deliver it to P.K, who runs a drug cartel. However, in a comedy of errors P.K's men ... Read all","Comedy, Sport"
Sachin - A Billion Dreams,8.5,2017,James Erskine,Documentary,A tale of a small boy with dreams and his journey to becoming the God of Cricket and the most celebrated sportsperson in his country.,"Documentary, Sport"
Rashmi Rocket,7.2,2021,Akarsh Khurana,Drama,"A small-town girl overcomes all societal barriers to become a national-level athlete, but her glory is hindered when she is asked to undergo a gender test.","Drama, Sport"
Jersey,7.3,2022,Gowtam Tinnanuri,Drama,A cricketer who quits cricket decides to revive his career at the age of 36 for his sons dream and prove his ability.,"Drama, Sport"
Jhund,7.4,2022,Nagraj Manjule,Biography,"Based on the life of Vijay Barse, a retired sports teacher who founded an NGO called Slum Soccer. He managed to rehabilitate street kids by keeping them off drugs and crime by turning them i... Read all","Biography, Drama, Sport"
Ghoomer,7.6,2023,R. Balki,Drama,"Abhishek Bachchan and Saiyami Kher will be seen as left-handed cricketers in this film, which is a fictional story set against the backdrop of cricket.","Drama, Sport"
Kaun Pravin Tambe?,8.3,2022,Jayprad Desai,Biography,An indian cricketer who shows persistence and hardwork to achieve his ultimate goal of playing a Ranji Trophy. At the penultimate stage of the career at a age when it is believed people's ca... Read all,"Biography, Drama, Sport"
Tumbbad,8.2,2018,Rahi Anil Barve,Drama,A mythological story about a goddess who created the entire universe. The plot revolves around the consequences when humans build a temple for her first-born.,"Drama, Fantasy, Horror"
Lekin...,7.9,1990,Gulzar,Drama,"Samir Niyogi lives in India and is assigned by the Government to travel to Rajasthan, evaluate a princely castle that once belonged to Raja Param Singh, take stock of all items, the conditio... Read all","Drama, Fantasy, Musical"
Kissaa Kursee Kaa,8.0,1978,Amrit Nahata,Comedy,The story of an evil politician.,"Comedy, Drama, Fantasy"
Karan Arjun,6.8,1995,Rakesh Roshan,Action,Karan and Arjun reincarnate in the different parts of the country. But the faith of their previous mother brings them together in order to avenge their death.,"Action, Drama, Fantasy"
Sant Dnyaneshwar,8.2,1940,Vishnupant Govind Damle,Biography,"Story of a boy who finds enlightenment by experiencing religious hypocrisy and dogmatism. Dnyaneshwar liberated the ""divine knowledge"" locked in the Sanskrit language to bring that knowledge... Read all","Biography, Drama, Fantasy"
Uran Khatola,7.5,1955,S.U. Sunny,Comedy,"A man's plane crashes in a city that is ruled by women and he starts liking the peasant girl who rescues him. However, the queen of the city also likes him but discovers that he likes someon... Read all","Comedy, Fantasy, Musical"
Chandralekha,7.3,1948,S.S. Vasan,Drama,"The two brothers named Veerasimhan and Sasankan, who fight with each other over ruling their father's kingdom and for marrying the village dancer Chandralekha.","Drama, Fantasy, Romance"
Neel Kamal,6.8,1968,Ram Maheshwari,Drama,"Sleepwalker Sita Raichand (Waheeda Rehman) is rescued by Ram (Manoj Kumar) while walking on a railway track. Shortly thereafter Guruji (David) and Mr. Raichand (Balraj Sahni), approach Ram's... Read all","Drama, Fantasy, Musical"
Sant Ravidas Ki Amar Kahani,8.4,1983,Babubhai Mistry,Fantasy,Saint Ravidas faces several obstacles in his way while spreading the thought of equality through his devotional songs.,Fantasy
Naukri,7.0,1978,Hrishikesh Mukherjee,Comedy,Ranjit was a badminton player and his family once lived a good life.Ranjit now cant feed his family as he has turned handicapped and feels of attempting suicide. One morning Ranjit tires to ... Read all,"Comedy, Fantasy"
Ramayana: The Legend of Prince Rama,9.2,1993,Ram Mohan,Animation,"An anime adaptation of the Hindu epic the Ramayana, where Lord Ram combats the wicked king Ravana.","Animation, Action, Adventure"
Munna Bhai M.B.B.S.,8.1,2003,Rajkumar Hirani,Comedy,A gangster sets out to fulfill his father's dream of becoming a doctor.,"Comedy, Drama"
Barfi!,8.1,2012,Anurag Basu,Comedy,Three young people learn that love can neither be defined nor contained by society's definition of normal and abnormal.,"Comedy, Drama, Romance"
Lage Raho Munna Bhai,8.0,2006,Rajkumar Hirani,Comedy,Munna Bhai embarks on a journey with Mahatma Gandhi in order to fight against a corrupt property dealer.,"Comedy, Drama, Romance"
Badhaai Ho,7.9,2018,Amit Ravindernath Sharma,Comedy,A man is embarrassed when he finds out his mother is pregnant.,"Comedy, Drama"
Bajrangi Bhaijaan,8.1,2015,Kabir Khan,Action,An Indian man with a magnanimous heart takes a young mute Pakistani girl back to her homeland to reunite her with her family.,"Action, Adventure, Comedy"
Ankhon Dekhi,7.9,2013,Rajat Kapoor,Comedy,"After a distressing incident, a Delhi man vows to believe only what he can see, but his new ideals soon take his life in extreme directions.","Comedy, Drama"
Jab We Met,7.9,2007,Imtiaz Ali,Comedy,A depressed wealthy businessman finds his life changing after he meets a spunky and care-free young woman.,"Comedy, Drama, Romance"
12th Fail,8.9,2023,Vidhu Vinod Chopra,Biography,The real-life story of IPS Officer Manoj Kumar Sharma and IRS Officer Shraddha Joshi.,"Biography, Drama"
Dunki,6.6,2023,Rajkumar Hirani,Action,"When his friends in Punjab struggle to clear the immigration process, an ex-soldier guides them on a risky journey to enter the UK without permission.","Action, Adventure, Comedy"
Jawan,7.0,2023,Atlee,Action,A prison warden recruits inmates to commit outrageous crimes that shed light on corruption and injustice - and that lead him to an unexpected reunion.,"Action, Crime, Drama"
Pathaan,5.8,2023,Siddharth Anand,Action,"An Indian agent races against a doomsday clock as a ruthless mercenary, with a bitter vendetta, mounts an apocalyptic attack against the country.","Action, Adventure, Thriller"
Animal,6.2,2023,Sandeep Reddy Vanga,Action,The hardened son of a powerful industrialist returns home after years abroad and vows to take bloody revenge on those threatening his father's life.,"Action, Crime, Drama"
Leo,7.2,2023,Lokesh Kanagaraj,Action,"Parthiban is a mild-mannered cafe owner in Kashmir, who fends off a gang of murderous thugs and gains attention from a drug cartel claiming he was once a part of them.","Action, Crime, Drama"
Tiger 3,5.7,2023,Maneesh Sharma,Action,Tiger and Zoya are back - to save the country and their family. This time it's personal.,"Action, Adventure, Thriller"
Sam Bahadur,7.7,2023,Meghna Gulzar,Biography,Revolves around the high and low points of Sam Manekshaw who became the first Indian Army officer to be promoted to the rank of Field Marshal.,"Biography, Drama, War"
OMG 2,7.5,2023,Amit Rai,Comedy,An unhappy civilian asks the court to mandate comprehensive education in schools in a dramatic yet amusing courtroom play.,"Comedy, Drama"
Tu Jhoothi Main Makkaar,6.0,2023,Luv Ranjan,Comedy,"Madness ensues when a 'player' in the world of romantic relationships finds a girl who's a worthy opponent, that believes love is a battle of wits.","Comedy, Romance"
Satyaprem Ki Katha,6.7,2023,Sameer Vidwans,Comedy,"A middle-class boy in Ahmedabad, Satyaprem falling in one-sided love with Katha, who is coping with her breakup with Tapan. Through the journey, they discover each other's life and complemen... Read all","Comedy, Drama, Musical"
Mission Raniganj,7.1,2023,Tinu Suresh Desai,Action,Mining engineer Jaswant Singh Gill leads a challenging rescue mission to save 65 miners trapped in a flooded coal mine.,"Action, Biography, Drama"
Sirf Ek Bandaa Kaafi Hai,8.0,2023,Apoorv Singh Karki,Crime,A common man with honesty and integrity can take on the system when he has truth on his side.,"Crime, Drama, Thriller"
Gulmohar,7.6,2023,Rahul V. Chittella,Drama,Follows the final four days of the Batra family living in their 31-year-old family home as they move to a new city.,"Drama, Family"
Mrs. Chatterjee vs. Norway,7.3,2023,Ashima Chibber,Biography,An immigrant Indian mother's battle against the Norwegian foster care system and local legal machinery to win back the custody of her children.,"Biography, Drama"
IB 71,7.2,2023,Sankalp Reddy,Action,A spy action thriller about the two-front war between Indian intelligence agencies and the Pakistani establishment in 1971.,"Action, Thriller"
Rocky Aur Rani Kii Prem Kahaani,6.5,2023,Karan Johar,Comedy,"Flamboyant Punjabi Rocky and intellectual Bengali journalist Rani fall in love despite their differences. After facing family opposition, they decide to live with each other's families for t... Read all","Comedy, Drama, Family"
Mission Majnu,7.0,2023,Shantanu Bagchi,Action,"In the 1970s, an undercover Indian spy takes on a deadly mission to expose a covert nuclear weapons program in the heart of Pakistan.","Action, Drama, History"
Ponniyin Selvan: Part Two,7.3,2023,Mani Ratnam,Action,"Arulmozhi Varman continues on his journey to become Rajaraja I, the greatest ruler of the historic Chola empire of south India.","Action, Adventure, Drama"
Jailer,7.1,2023,Nelson Dilipkumar,Action,"A retired jailer goes on a manhunt to find his son's killers. But the road leads him to a familiar, albeit a bit darker place. Can he emerge from this complex situation successfully?","Action, Comedy, Crime"
Laapataa Ladies,8.5,2023,Kiran Rao,Comedy,"The misadventures of two young brides who get lost from the same train. From mistaken identities to laugh-out-aloud escapades, the ensuing chaos guarantees laughter galore and heartwarming m... Read all","Comedy, Drama"
Merry Christmas,6.9,2024,Sriram Raghavan,Drama,Two strangers meet on a fateful Christmas Eve. A night of delirious romance turns into a nightmare. Revealing anything more would be a crime.,"Drama, Mystery, Thriller"
Fighter,6.2,2024,Siddharth Anand,Action,A reckless yet brilliant squadron leader and his team of elite fighter pilots face mortal dangers and inner demons as they unite for a deadly mission.,"Action, Drama"
Teri Baaton Mein Aisa Uljha Jiya,6.3,2024,Amit Joshi,Comedy,"Aryan is not able to find a perfect life partner. He meets a perfect girl, Sifra, during an official assignment in the US and falls in love with her only to discover later that it's an impos... Read all","Comedy, Drama, Romance"
Dear Zindagi,7.4,2016,Gauri Shinde,Drama,"Kaira is a budding cinematographer in search of a perfect life. Her encounter with Jug, an unconventional thinker, helps her gain a new perspective on life. She discovers that happiness is a... Read all","Drama, Romance"
Water,7.7,2005,Deepa Mehta,Drama,"Set in colonial India against Gandhi's rise to power, it's the story of 8-year-old Chuyia, who is widowed and sent to a home to live in penitence; once there, Chuyia's feisty presence deeply... Read all",Drama
The Lunchbox,7.8,2013,Ritesh Batra,Drama,A mistaken delivery in Mumbai's famously efficient lunchbox delivery system connects a young housewife to an older man in the dusk of his life as they build a fantasy world together through ... Read all,"Drama, Romance"
Garm Hava,8.0,1974,M.S. Sathyu,Drama,"In post-partition India, a Muslim businessman and his family struggle for their rights in a country which was once their own.",Drama
Maqbool,8.0,2003,Vishal Bhardwaj,Crime,The intrigue of the Shakespearean tragedy 'Macbeth' is transposed to the Mumbai underworld.,"Crime, Drama, Thriller"
Ankur: The Seedling,7.8,1974,Shyam Benegal,Drama,"Belonging to a lower caste, Lakshmi and her deaf-mute husband Kishtayya serve the landlord's son, Surya. When Surya's young wife finds out about his affair with Lakshmi, they all find themse... Read all",Drama
Dilwale Dulhania Le Jayenge,8.0,1995,Aditya Chopra,Drama,"When Raj meets Simran in Europe, it isn't love at first sight but when Simran moves to India for an arranged marriage, love makes its presence felt.","Drama, Romance"
Masoom,8.3,1983,Shekhar Kapur,Drama,A happy family goes through turbulent times because of a big mistake by one of the family members.,"Drama, Family"
Amar Singh Chamkila,7.9,2024,Imtiaz Ali,Biography,"Follows the life of pop star duo Amar Singh Chamkila and Amarjot Kaur, whose songs that were social commentaries or devotionals became massive hits in the 80's.","Biography, Drama, Music"
Bhakshak,7.2,2024,Pulkit,Crime,Revolves around the journey of an unwavering woman's quest to seek justice and her perseverance in getting a heinous crime to light.,"Crime, Drama"
Kill,8.0,2023,Nikhil Nagesh Bhat,Action,"During a train trip to New Delhi, a pair of commandos face an army of invading bandits.","Action, Crime, Drama"
Heeramandi: The Diamond Bazaar,6.4,2024,Manisha Koirala,Drama,Sanjay Leela Bhansali brings his majestic signature flair to stories of love and betrayal in the lives of courtesans in pre-independence India.,"Drama, History, Romance"
Do Aur Do Pyaar,6.4,2024,Shirsha Guha Thakurta,Drama,"A couple on the brink of a breakup are cheating on each other with two sexy outsiders. Whilst they're waiting to reveal their secret and go their separate ways, life has other plans for them... Read all",Drama
The Goat Life,8.6,2024,Blessy,Adventure,"The real-life incident of an Indian migrant worker, Najeeb Muhammad, who goes to Saudi Arabia to earn money. However, in a twist of fate, he finds himself living a slave-like existence, herd... Read all","Adventure, Drama"
All India Rank,6.0,2023,Varun Grover,Comedy,"Set in the late 1990s, A 17-year old Vivek who is sent away from home to a prep school to prepare for the highly competitive IIT (""the MIT of India"") entrance examination.","Comedy, Drama"
Article 370,7.9,2024,Aditya Suhas Jambhale,Action,"Ahead of a major constitutional decision, special agent Zooni Haksar is tasked with a secret mission to quell violence in a conflict-ridden region.","Action, Drama, Thriller"
Murder Mubarak,5.9,2024,Homi Adajania,Comedy,"During a murder investigation, a non-traditional police officer turns a spotlight on an array of suspects. He steps into their world as an outsider, only to find there is so much more than w... Read all","Comedy, Mystery, Romance"
Nayakan,8.7,1987,Mani Ratnam,Crime,"A common man 's struggles corrupt police force put wrong side law . He becomes , loved respected many , growing power influence exact ... Read","Crime, Drama"
Anbe Sivam,8.6,2003,Sundar C.,Adventure,"Two men , one young arrogant , damaged - physically spiritually - life , thrown together circumstances , find ways bound together fat ... Read","Adventure, Comedy, Drama"
Rocketry: The Nambi Effect,8.7,2022,Madhavan,Biography,"The story Indian Space Research Organization scientist Nambi Narayanan , framed spy arrested 1994 .","Biography, Drama"
777 Charlie,8.7,2022,Kiranraj K,Adventure,Dharma stuck rut negative lonely lifestyle spends day comfort loneliness . A pup named Charlie enters life gives new perspective towa ... Read,"Adventure, Comedy, Drama"
Pariyerum Perumal,8.7,2018,Mari Selvaraj,Drama,"A law student lower caste begins friendship classmate , girl belongs higher caste , men family start giving trouble .",Drama
#Home,8.8,2021,Rojin Thomas,Drama,"Oliver Twist ( Indrans ) wants tech-savvy become better companion two sons , spend time phones loved ones .","Drama, Family"
Manichithrathazhu,8.7,1993,Fazil,Comedy,"When forbidden room old bungalow unbolted , spirit vengeful dancer unleashed .","Comedy, Horror, Mystery"
The World of Apu,8.4,1959,Satyajit Ray,Drama,This final installment Satyajit Ray 's Apu Trilogy follows Apu 's life orphaned adult aspiring writer .,Drama
Kireedam,8.9,1989,Sibi Malayil,Action,The life young man turns upside intervenes dispute order rescue father ( cop ) ruthless local outlaw .,"Action, Drama"
C/o Kancharapalem,8.8,2018,Venkatesh Maha,Drama,Four unconventional love stories set town including people Kancherapalem .,Drama
Soorarai Pottru,8.7,2020,Sudha Kongara,Drama,Nedumaaran Rajangam `` Maara '' sets make common man fly process takes world 's capital intensive industry several enemies stand way .,Drama
Kumbalangi Nights,8.5,2019,Madhu C. Narayanan,Comedy,"The film revolves around four brothers share love-hate relationship . Their relationship progresses another level Saji , Boney , Franky decide help Bobby st ... Read","Comedy, Drama, Romance"
Sandesham,9.0,1991,Sathyan Anthikad,Comedy,"A satire contemporary Kerala politics brothers turn local leaders rival parties , leading distress aged once-proud parents .","Comedy, Drama"
Jai Bhim,8.7,2021,T.J. Gnanavel,Crime,"When tribal man arrested case alleged theft , wife turns human-rights lawyer help bring justice .","Crime, Drama, Mystery"
Mayabazar,9.1,1957,Kadiri Venkata Reddy,Comedy,"Balarama promises Subhadra get daughter married son . But Pandavas loses kingdom Kaurava 's , Balarama breaks promise .","Comedy, Drama"
96,8.5,2018,C. Prem Kumar,Drama,Two high school sweethearts meet reunion 22 years reminisce past .,"Drama, Romance"
Natsamrat,8.8,2016,Mahesh Manjrekar,Drama,"After retires , aging theatre actor wife begin feel unwanted children .","Drama, Family"
Kaithi,8.4,2019,Lokesh Kanagaraj,Action,"Dilli , ex-convict , endeavours meet daughter first time leaving prison . However , attempts interrupted due drug raid planned Inspector Bejoy .","Action, Crime, Drama"
Sita Ramam,8.5,2022,Hanu Raghavapudi,Action,"An orphan soldier , Lieutenant Ram 's life changes , gets letter girl named Sita . He meets love blossoms . When comes back camp Kashmir , After ... Read","Action, Drama, Mystery"
Drishyam 2,8.4,2021,Jeethu Joseph,Crime,A gripping tale investigation family threatened . Will Georgekutty able protect family time ?,"Crime, Drama, Thriller"
Visaaranai,8.5,2015,Vetrimaaran,Crime,Four labourers tortured police confess theft committed .,"Crime, Drama, Thriller"
Thevar Magan,8.7,1992,Bharathan,Action,The urbane son village chieftain struggles personal aspirations family .,"Action, Drama, Romance"
Asuran,8.4,2019,Vetrimaaran,Action,"The teenage son farmer underprivileged caste kills rich , upper caste landlord . How pacifist farmer saves hot-blooded son rest story .","Action, Drama"
Nadodikkattu,8.8,1987,Sathyan Anthikad,Comedy,"After losing jobs Kerala , Dasan Vijayan decide migrate Middle East . But end Tamil Nadu mistaken two CID officers group smugglers .",Comedy
Thalapathi,8.5,1991,Mani Ratnam,Action,An orphan named Surya raised slum befriends good crime boss named Devaraj works . Their existence threatened new honest district collector arrives .,"Action, Crime, Drama"
Sarpatta Parambarai,8.5,2021,Pa. Ranjith,Action,"When Sarpatta Parambarai challenged do-or-die match , Kabilan , young labourer , put gloves lead clan victory , dissuaded disapproving mothe ... Read","Action, Drama, Sport"
Thani Oruvan,8.4,2015,Mohan Raja,Action,"Siddharth Abimanyu , influential scientist , involved various illegal medical practices . Mithran , efficient IPS officer , decides expose .","Action, Crime, Thriller"
Nuvvu Naaku Nachchav,8.8,2001,Vijay K. Bhaskar,Comedy,"Venkateswarlu , aka Venky , comes Hyderabad father 's friend 's house meets engaged girl . Things turn upside expresses love .","Comedy, Romance"
Anniyan,8.3,2005,S. Shankar,Action,"Ramanujam , suffers multiple personality disorder , works lawyer day vigilante night , using tips 'Garuda Purana ' tools punish various antisocial el ... Read","Action, Crime, Drama"
Vada Chennai,8.4,2018,Vetrimaaran,Action,A young carrom player north Chennai becomes reluctant participant war two warring gangsters .,"Action, Crime, Drama"
Raatchasan,8.3,2018,Ram Kumar,Action,A sub-inspector sets pursuit mysterious serial killer targets teen school girls murders brutally .,"Action, Crime, Drama"
Peranbu,8.7,2018,Ram,Drama,"A single father tries raise daughter , cerebral palsy , even beginning wake sexuality .","Drama, Family"
Aparajito,8.2,1956,Satyajit Ray,Drama,"Following father 's death , boy leaves home study Calcutta , mother must face life alone .",Drama
Bangalore Days,8.3,2014,Anjali Menon,Comedy,"A fun roller coaster ride three young people , Aju , Divya Kuttan cousins , reach Bangalore dream , discover explore .","Comedy, Drama, Romance"
Sardar Udham,8.4,2021,Shoojit Sircar,Biography,"A biopic detailing 2 decades Punjabi Sikh revolutionary , Udham Singh , spent planning assassination man responsible Jallianwala Bagh massacre .","Biography, Crime, Drama"
Devasuram,8.7,1993,I.V. Sasi,Action,"Neelakandan squanders away inheritance left father . However , life turns upside mother reveals terrible secret deathbed changes course li ... Read","Action, Drama, Thriller"
Premam,8.3,2015,Alphonse Puthren,Comedy,A young man three opportunities find love . Will third time charm ?,"Comedy, Drama, Romance"
Agent Sai Srinivasa Athreya,8.3,2019,Swaroop Rsj,Comedy,Agent Sai Srinivasa Athreya authentic humorous investigative thriller revolving around adventures detective based Nellore .,"Comedy, Crime, Mystery"
Pather Panchali,8.2,1955,Satyajit Ray,Drama,"Impoverished priest Harihar Ray , dreaming better life family , leaves rural Bengal village search work .",Drama
Mahanati,8.4,2018,Nag Ashwin,Biography,"Biography Savitri , actress South India movie industry , ruled industry two decades 50s 60s .","Biography, Drama"
Chithram,8.6,1988,Priyadarshan,Comedy,A woman hires stranger pose husband n't want ailing father know fiance broke engagement .,"Comedy, Drama, Musical"
Chhichhore,8.3,2019,Nitesh Tiwari,Comedy,"A tragic incident forces Anirudh , middle-aged man , take trip memory lane reminisce college days along friends , labelled losers .","Comedy, Drama, Romance"
Spadikam,8.6,1995,Bhadran,Action,A small-town criminal constantly clashes strict school headmaster father expense family lives .,"Action, Drama"
Vikram Vedha,8.2,2017,Gayatri,Action,"Vikram , no-nonsense police officer , accompanied Simon , partner , hunt capture Vedha , smuggler murderer . Vedha tries change Vikram 's life , leads con ... Read","Action, Crime, Drama"
Andhadhun,8.2,2018,Sriram Raghavan,Crime,"A series mysterious events change life blind pianist , must report crime technically know nothing .","Crime, Mystery, Thriller"
Vikram,8.3,2022,Lokesh Kanagaraj,Action,"A special investigator discovers case serial killings seems , leading path going end war everyone involved .","Action, Crime, Drama"
Iruvar,8.4,1997,Mani Ratnam,Biography,A struggling actor writer-politician become friends young men rise great heights cinema politics respectively . But become contenders top political po ... Read,"Biography, Drama"
Kannathil Muthamittal,8.3,2002,Mani Ratnam,Action,"A little girl told parents adopted . Determined find real mother , begs taken Sri Lanka , mother works militant group activists .","Action, Drama, War"
Super Deluxe,8.2,2019,Thiagarajan Kumararaja,Comedy,"An unfaithful newly-wed wife , estranged father , priest angry son suddenly find unexpected predicaments , poised experience destiny , one ... Read","Comedy, Crime, Drama"
Manjummel Boys,8.3,2024,Chidambaram,Adventure,"A group friends get daring rescue mission save friend Guna Caves , perilously deep pit nobody ever brought back .","Adventure, Drama, Thriller"
Sairat,8.3,2016,Nagraj Manjule,Drama,"In interior Maharashtra , fisherman 's son local politician 's daughter fall love restrictions caste hierarchy .","Drama, Romance"
Mudhalvan,8.4,1999,S. Shankar,Action,"A man accepts challenge act Chief Minister Tamil Nadu one day , makes success soon embroiled political intrigue .","Action, Drama, Thriller"
Aruvi,8.4,2016,Arun Prabhu Purushothaman,Drama,A gentle girl born brought amidst ever growing eco-social-consumeristic environment finds difficult fit society . She decides take hard people . What ... Read,Drama
Papanasam,8.4,2015,Jeethu Joseph,Crime,Desperate measures taken man tries save family dark side law commit unexpected crime .,"Crime, Drama, Thriller"
Mandela,8.4,2021,Madonne Ashwin,Comedy,A local barber 's fate turns overnight becomes single deciding vote village elections .,"Comedy, Drama"
Pudhu Pettai,8.4,2006,K. Selvaraghavan,Action,"After running away home , Kumar falls gang slowly rises ranks criminal underworld .","Action, Crime, Drama"
Aaranya Kaandam,8.5,2010,Thiagarajan Kumararaja,Action,A mob boss must deal disgruntled mistress vanishing bag cocaine .,"Action, Comedy, Crime"
Jana Gana Mana,8.3,2022,Dijo Jose Antony,Crime,"As college professor 's brutal murder sparks student unrest , cop launches investigation lawyer seeks justice courtroom .","Crime, Drama, Thriller"
Jigarthanda,8.2,2014,Karthik Subbaraj,Comedy,An aspiring director targets ruthless gangster wants make violent gangster film . His discreet attempts research gangster fail miserably . Finally gets caught ... Read,"Comedy, Crime, Drama"
Soodhu Kavvum,8.3,2013,Nalan Kumarasamy,Comedy,"Das , team , kidnap Arumai , son politician , planning kidnapping extract money father . Problems arise , insane cop brought handle ... Read","Comedy, Crime, Thriller"
Virumandi,8.4,2004,Kamal Haasan,Action,A temperamental farmer gets embroiled bloody clan feud southern Tamil Nadu village .,"Action, Crime, Drama"
2018,8.3,2023,Jude Anthany Joseph,Action,A disaster film set 2018 Kerala Floods people walks life faced catastrophic consequences put collective efforts survive calamity .,"Action, Drama, Thriller"
Dhuruvangal Pathinaaru,8.2,2016,Karthick Naren,Crime,"A police officer retires accident case investigation . Years later , forced relive past narrates story friend 's son .","Crime, Drama, Mystery"
The Crow's Egg,8.3,2014,M. Manikandan,Comedy,Two slum kids yearn taste pizza enticed pizza shop opened near locality . What happens manage find money buy one ?,"Comedy, Drama"
Sarfarosh,8.1,1999,John Mathew Matthan,Action,"After brother killed father severely injured terrorists , young med student quits studies join Indian Police Service wipe terrorists .","Action, Crime, Drama"
Maheshinte Prathikaaram,8.3,2016,Dileesh Pothan,Comedy,"Mahesh , studio photographer studio owner gets fight loses . He ends taking revenge leads certain realizations life .","Comedy, Drama, Thriller"
Angoor,8.3,1982,Gulzar,Comedy,"Based Shakespeare 's ' A Comedy Errors ' , story identical twins ( 2 pairs ) mistaken identities .",Comedy
Theeran Adhigaram Ondru,8.2,2017,H. Vinoth,Action,"Theeran , police officer , entrusted task solve mystery behind series murders . The clue left behind murders committed pattern .","Action, Crime, Thriller"
Ustad Hotel,8.2,2012,Anwar Rasheed,Comedy,"Faisi wants go UK become professional chef circumstances force assist grandfather small restaurant Kozhikode city , changing outlook life forever .","Comedy, Drama"
Article 15,8.1,2019,Anubhav Sinha,Crime,"In rural heartlands India , upright police officer sets crusade violent caste-based crimes discrimination .","Crime, Drama, Mystery"
Baasha,8.3,1995,Suresh Krishna,Action,"An auto driver , Manikam , desperately tries hide dark underworld side keep promise father .","Action, Crime, Drama"
Baahubali 2: The Conclusion,8.2,2017,S.S. Rajamouli,Action,"Amarendra Baahubali , heir apparent throne Mahishmati , finds life relationships endangered adoptive brother Bhallaladeva conspires claim throne .","Action, Drama"
Pithamagan,8.3,2003,Bala,Action,"Chittan , social outcast , grown cemetery . A drug dealer finds job cannabis farm . In prison , meets conman , Shakti . This friendship transforms stony e ... Read","Action, Drama"
A Northern Story of Valor,8.7,1989,T. Hariharan,Drama,The film offers alternative version fight two legendary Chekavars Chanthu 's perspective .,"Drama, History"
Kahaani,8.1,2012,Sujoy Ghosh,Mystery,"A pregnant woman 's search missing husband takes London Kolkata , everyone questions denies ever met .","Mystery, Thriller"
Lion,8.0,2016,Garth Davis,Biography,"A five-year-old Indian boy adopted Australian couple getting lost hundreds kilometers home . 25 years later , sets find lost family .","Biography, Drama"
Masaan,8.1,2015,Neeraj Ghaywan,Drama,"Along India 's Ganges River , four people face prejudice , strict moral code punishing caste system confront personal tragedies .",Drama
Shershaah,8.3,2021,Vishnuvardhan,Action,"Shershaah story PVC awardee Indian soldier Capt . Vikram Batra , whose bravery unflinching courage chasing Pakistani soldiers Indian territory contributed immensely ... Read","Action, Biography, Drama"
Nil Battey Sannata,8.2,2015,Ashwiny Iyer Tiwari,Drama,A story single woman ( Mom ) dreams Daughter .,"Drama, Family"
Alai Payuthey,8.3,2000,Mani Ratnam,Drama,"After difficult romance class-divided society , love birds find marriage thought would .","Drama, Musical, Romance"
Lucia,8.3,2013,Pawan Kumar,Drama,"A man suffering insomnia tricked buying drug , Lucia , makes desires come true dreams , blurring line fantasy reality .","Drama, Sci-Fi, Thriller"
Bommarillu,8.2,2006,Bommarillu Baskar,Comedy,A young man realizes push back domineering father wants find true happiness love .,"Comedy, Drama, Romance"
Charulata,8.1,1964,Satyajit Ray,Drama,"The lonely wife newspaper editor falls love visiting cousin-in-law , shares love literature .","Drama, Romance"
Roja,8.1,1992,Mani Ratnam,Drama,"A woman village Tamil Nadu marries sophisticated city dweller moves Kashmir , rosy - gets kidnapped militants .","Drama, Romance, Thriller"
Viduthalai: Part 1,8.3,2023,Vetrimaaran,Action,A police officer recruited capture leader separatist group .,"Action, Crime, Drama"
Bombay,8.1,1995,Mani Ratnam,Drama,"A Hindu man Muslim woman fall love small village move Mumbai , two children . However , growing religious tensions erupting riots threaten tear f ... Read","Drama, Romance"
Section 375,8.1,2019,Ajay Bahl,Crime,"A celebrated Bollywood director Rohan Khurana stands accused female member crew , Anjali Dangle raped residence .","Crime, Drama, Mystery"
Indian,8.1,1996,S. Shankar,Action,A veteran freedom fighter enraged rising crime corruption society murders wrong doers one one using ancient martial arts technique .,"Action, Drama, Thriller"
Padaiyappa,8.2,1999,K.S. Ravikumar,Action,"The death Padaiyappa 's father destroys family . But luck changes , able lead prosperous life , nemesis plots ruin happiness .","Action, Comedy, Drama"
Vaaranam Aayiram,8.2,2008,Gautham Vasudev Menon,Action,"A father son help growing , romance , tragedy , adventure .","Action, Drama, Musical"
K.G.F: Chapter 1,8.2,2018,Prashanth Neel,Action,"In 1970s , gangster named Rocky goes undercover slave assassinate owner notorious gold mine known Kolar Gold Fields .","Action, Crime, Drama"
Rangasthalam,8.2,2018,Sukumar,Action,Chitti Babu begins suspect elder brother 's life danger team lock horns village president overthrow unlawful 30 year old regime .,"Action, Drama"
Athadu,8.2,2005,Trivikram Srinivas,Action,"A gunman hire framed murder , assumes dead man 's identity hiding police .","Action, Crime, Drama"
Thadam,8.1,2019,Magizh Thirumeni,Action,The murder youngster creates confusion among cops discover suspect lookalike .,"Action, Crime, Drama"
Haider,8.0,2014,Vishal Bhardwaj,Action,"A young man returns Kashmir father 's disappearance confront uncle , suspects playing role father 's fate .","Action, Crime, Drama"
The Great Indian Kitchen,8.1,2021,Jeo Baby,Comedy,"After marriage , woman struggles submissive wife husband family expect . The story follows journey , changes , even , changes ... Read","Comedy, Drama"
Hi Nanna,8.2,2023,Shouryuv,Drama,A single father begins narrate story missing mother child nothing remains .,"Drama, Family, Romance"
Pelli Choopulu,8.2,2016,Tharun Bhascker Dhaassyam,Comedy,A wannabe businesswoman happy-go-lucky guy meet arranged marriage blind date eventually team start food truck .,"Comedy, Drama, Romance"
Kantara,8.2,2022,Rishab Shetty,Action,"When greed paves way betrayal , scheming murder , young tribal reluctantly dons traditions ancestors seek justice .","Action, Adventure, Drama"
Special 26,8.0,2013,Neeraj Pandey,Crime,A gang con-men rob prominent rich businessmen politicians posing C.B.I income tax officers .,"Crime, Drama, Thriller"
Chithha,8.2,2023,S.U. Arun Kumar,Drama,"A man raising niece like daughter , everything appears normal life little girl goes missing .","Drama, Thriller"
Maanaadu,8.2,2021,Venkat Prabhu,Action,"On day public conference state 's Chief Minister , bodyguard police officer stuck time loop .","Action, Adventure, Sci-Fi"
Ulidavaru Kandanthe,8.4,2014,Rakshit Shetty,Crime,"A journalist sets uncover truth behind incident , perspectives different people , unraveling lives intertwined .","Crime, Drama, Thriller"
Gulaal,8.0,2009,Anurag Kashyap,Crime,"A law student witnesses deception , homicide , crime elected General Secretary college .","Crime, Drama, Thriller"
Aadukalam,8.1,2011,Vetrimaaran,Action,Falling love Irene well refusing obey boss Pettaikaran rooster fight complicates Karuppu 's life .,"Action, Drama, Romance"
Naduvula Konjam Pakkatha Kaanom,8.2,2012,Balaji Tharaneetharan,Comedy,"A young man forgets years life , even get married .","Comedy, Drama"
Padosan,8.1,1968,Jyoti Swaroop,Comedy,A simple man village falls love new neighbor . He enlists help musical-theater friends woo lovely girl-next-door away music teacher .,"Comedy, Musical, Romance"
Maanagaram,8.1,2017,Lokesh Kanagaraj,Action,Four youngsters arrive big city lives become interlinked .,"Action, Thriller"
K.G.F: Chapter 2,8.3,2022,Prashanth Neel,Action,"In blood-soaked Kolar Gold Fields , Rocky 's name strikes fear foes , government sees threat law order . Rocky must battle threats sides uncha ... Read","Action, Crime, Drama"
Vaastav: The Reality,8.0,1999,Mahesh Manjrekar,Action,Consequences force innocent man get involved crime making error .,"Action, Crime, Drama"
Deewaar,8.0,1975,Yash Chopra,Action,"Vijay struggles dockworker eventually becomes leading figure underworld , younger brother Ravi educated , upright policeman . This divide causes problems th ... Read","Action, Crime, Drama"
Saptha Sagaradaache Ello - Side A,8.2,2023,Hemanth M. Rao,Drama,"Manu Priya hail middle-class background fall love . When circumstances land Manu jail , relationship Priya put jeopardy .","Drama, Romance"
Company,8.0,2002,Ram Gopal Varma,Action,"A small-time gangster named Chandu teams Malik , low-level enforcer criminal syndicate . Together eliminate enemies , becoming feared gangsters Mumbai ... Read","Action, Crime, Drama"
Kshanam,8.2,2016,Ravikanth Perepu,Mystery,"Rishi , non-resident Indian , returns India help ex-lover find kidnapped daughter .","Mystery, Thriller"
Nayattu,8.1,2021,Martin Prakkat,Crime,"Three police officers run life , escaping outbreak due unlawful arrest torture civilian . It brings shades arrogant yet much ... Read","Crime, Thriller"
Evaru,8.1,2019,Venkat Ramji,Crime,Sub-inspector Vikram Vasudev entrusted task investigating murder high ranking officer killed alleged rape victim . When delves deeper case h ... Read,"Crime, Drama, Mystery"
Garuda Gamana Vrishabha Vahana,8.3,2021,Raj B. Shetty,Crime,"Set backdrop coastal cultural city modern-day Mangaluru , Hari soulmate Shiva rise together great heights face bitter enemies resulting ... Read","Crime, Drama, Thriller"
Charlie,8.0,2015,Martin Prakkat,Adventure,"A young , nonconforming woman named Tessa gets entangled cat-and-mouse chase by-lanes Kerala , hunting mysterious artist previously lived apartment .","Adventure, Drama, Romance"
Ugly,7.9,2013,Anurag Kashyap,Crime,The case missing girl takes us journey human greed brushes upon egos repressed emotions characters .,"Crime, Drama, Mystery"
Pranchiyettan and the Saint,8.3,2010,Ranjith,Comedy,Pranchiyettan successful businessman often talks imaginary St. Francis Assisi . The story deals goes changing embarrassing image making name ... Read,"Comedy, Drama"
Ayyappanum Koshiyum,8.0,2020,Sachy,Action,"The story revolves around clash Ayyappan , senior police officer serves Attappadi Police Station Havildar Koshi , comes village motive .","Action, Drama, Thriller"
Deiva Thirumagal,8.2,2011,A.L. Vijay,Drama,"A man disabilities fights custody 7-year-old daughter , process teaches opponent lawyer value love family .",Drama
22 Shey Shraban,8.1,2011,Srijit Mukherji,Action,An ex-cop hired track serial killer carries killings according Bengali poetry .,"Action, Crime, Drama"
My Name Is Khan,7.9,2010,Karan Johar,Adventure,An Indian Muslim man Asperger 's syndrome takes challenge speak President United States seriously embarks cross-country journey .,"Adventure, Drama, Romance"
Thondi Muthalum Driksakshiyum,8.1,2017,Dileesh Pothan,Crime,"Prasad Sreeja enter wedlock move new place continue rest lives . Unfortunate events begin take place Prasad , small-time thief , robs Sreeja 's gold chain ... Read","Crime, Drama, Thriller"
Gully Boy,7.9,2019,Zoya Akhtar,Drama,A coming-of-age story based lives street rappers Mumbai .,"Drama, Music, Romance"
Ship of Theseus,8.0,2012,Anand Gandhi,Drama,"The film explores questions identity , justice , beauty , meaning death experimental photographer , ailing monk young stockbroker .",Drama
Take Off,8.1,2017,Mahesh Narayanan,Action,"In 2014 , group Malayali nurses captured terrorists took city Tikrit Iraq . This movie recounts ordeal suffered nurses following capture .","Action, Drama, Thriller"
Major,8.1,2022,Sashi Kiran Tikka,Action,"Based life Major Sandeep Unnikrishnan , martyred action November 2008 Mumbai attacks .","Action, Biography, Drama"
Vedam,8.1,2010,Radha Krishna Jagarlamudi,Action,"Stories 5 people , educated slum dweller , aspiring rock star , old villager , prostitute ostracized Muslim man ; lead night hospital filled jeopardy .","Action, Drama"
Gargi,8.1,2022,Gautham Ramachandran,Drama,The journey young school teacher prove father 's innocence help juvenile advocate 's never even seen interiors court hall .,"Drama, Thriller"
Kirik Party,8.2,2016,Rishab Shetty,Comedy,"Kirik Party story gang mischievous students , lead protagonist Karna ( Rakshit Shetty ) , joined engineering college .","Comedy, Drama, Romance"
Por Thozhil,8.0,2023,Vignesh Raja,Action,A bright faint-hearted rookie cop overcome fears order succeed first case sees partnered reclusive senior officer catch serial killer ... Read,"Action, Crime, Thriller"
Hridayam,8.1,2022,Vineeth Sreenivasan,Drama,"The emotional journey Arun , carefree bachelor days engineering college , matures various phases life .","Drama, Musical, Romance"
Vinnaithaandi Varuvaayaa,8.1,2010,Gautham Vasudev Menon,Drama,An aspiring filmmaker goes ups downs romance falls Christian woman says wants friends .,"Drama, Romance"
Baahubali: The Beginning,8.0,2015,S.S. Rajamouli,Action,"A child Mahishmati kingdom raised tribal people one day learns royal heritage , father 's bravery battle mission overthrow incumbent ruler .","Action, Drama"
Jigarthanda Double X,8.0,2023,Karthik Subbaraj,Action,"In 1975 , filmmaker agrees collaborate film gangster wishes become famous actor .","Action, Comedy, Drama"
Salaam Bombay!,7.9,1988,Mira Nair,Crime,"Young Krishna struggles survive among drug dealers , pimps , prostitutes back alleys gutters India .","Crime, Drama"
Karnan,8.0,2021,Mari Selvaraj,Action,"Karnan , fearless village youth , must fight rights conservative people village , due torture given police officer .","Action, Drama"
Dil Bechara,8.3,2020,Mukesh Chhabra,Comedy,"The emotional journey two hopelessly-in-love youngsters ; young girl , Kizie , suffering cancer ; Manny , boy Kizie meets support group .","Comedy, Drama, Romance"
Traffic,8.1,2011,Rajesh Pillai,Action,The lives different people get intertwined girl urgent need heart transplant heart donor many miles traffic away .,"Action, Adventure, Mystery"
Hey Ram,7.9,2000,Kamal Haasan,Crime,Saketh Ram 's wife raped killed direct action day riots Calcutta . He convinced Mahatma Gandhi responsible problems happening country sets ou ... Read,"Crime, Drama, History"
Love Today,8.0,2022,Pradeep Ranganathan,Comedy,"Two young lovers , made exchange phones day happens due .","Comedy, Drama, Romance"
Pizza,7.9,2012,Karthik Subbaraj,Horror,A pizza delivery boy lands mysterious circumstance works dramatic change life .,"Horror, Thriller"
Pad Man,7.9,2018,R. Balki,Comedy,"Upon realizing extent women affected menses , man sets create sanitary pad machine provide inexpensive sanitary pads women rural India .","Comedy, Drama"
Android Kunjappan Ver 5.25,8.0,2019,Ratheesh Balakrishnan Poduval,Comedy,"Story conventional , conservative small town villager son move away home due profession . Their relationship gets endearing twist AI humanoid ent ... Read","Comedy, Drama, Sci-Fi"
Ghilli,8.1,2004,Dharani,Action,"Velu , aspiring kabaddi player , goes Madurai participate regional match , rescues Dhanalakshmi Muthupandi , powerful man keen marrying girl ... Read","Action, Drama, Romance"
Baby,7.9,2015,Neeraj Pandey,Action,"An elite counter-intelligence unit learns plot , masterminded maniacal madman . With clock ticking , 's track terrorists ' international tentacles prevent ... Read","Action, Crime, Thriller"
Hindi Medium,7.8,2017,Saket Chaudhary,Comedy,A couple Chandni Chowk aspire give daughter best education thus part accepted elite Delhi .,"Comedy, Drama"
Joseph,8.0,2018,M. Padmakumar,Crime,"The story develops life four retired policemen . It tone thriller investigation . An issue affecting life Joseph , central character , family ... Read","Crime, Drama, Thriller"
Memories,8.0,2013,Jeethu Joseph,Mystery,"Sam Alex , drunkard ex-cop , forced investigate series murders committed pattern . His search leads serial killer , something expect ... Read","Mystery, Thriller"
Malik,8.0,2021,Mahesh Narayanan,Action,"A past ridden crime , death pain recounted Freddy , juvenile criminal , assigned eliminate estranged uncle Sulaiman , aging patriarch , behind bars .","Action, Biography, Crime"
Thuppakki,8.1,2012,A.R. Murugadoss,Action,An army captain mission track destroy terrorist gang deactivate sleeper cells command .,"Action, Thriller"
The Tashkent Files,8.1,2019,Vivek Agnihotri,Drama,"Revolves around mysterious death India 's 2nd Prime Minister Shri Lal Bahadur Shastri attempts uncover actually died natural death , , alleged , assassinated .","Drama, Mystery, Thriller"
Anjaam Pathiraa,7.9,2020,Midhun Manuel Thomas,Crime,"The police trail serial killer , victims fellow officers , able catch killer solve case time ?","Crime, Mystery, Thriller"
The Music Room,7.9,1958,Satyajit Ray,Drama,"Depicts end days decadent zamindar ( landlord ) Bengal , efforts uphold family prestige even faced economic adversity .","Drama, Music"
English Vinglish,7.8,2012,Gauri Shinde,Comedy,"A quiet , sweet tempered housewife endures small slights well-educated husband daughter every day inability speak understand English .","Comedy, Drama, Family"
Arjun Reddy,7.9,2017,Sandeep Reddy Vanga,Action,"Arjun Reddy , short-tempered house surgeon , gets used drugs drinks girlfriend forced marry another person .","Action, Drama, Romance"
Johnny Gaddaar,7.9,2007,Sriram Raghavan,Crime,"Police officers recount tale missing money results lies , deceit , betrayal death .","Crime, Drama, Thriller"
Dor,7.9,2006,Nagesh Kukunoor,Drama,"Two woman -- different backgrounds , miles apart , strangers -- linked tragedy . Their new-found friendship tested one holds fate 's husband ... Read",Drama
Lakshya,7.8,2004,Farhan Akhtar,Action,"An aimless , jobless , irresponsible grown man joins army matures battlefield hero .","Action, Drama, Romance"
Pokiri,8.0,2006,Puri Jagannadh,Action,A money-minded criminal deal two rival gangs well evil cop threatening girlfriend .,"Action, Crime, Thriller"
Aavesham,7.9,2024,Jithu Madhavan,Action,Three teenagers reach Bangalore engineering degree gets involved fight seniors . They find local gangster named Ranga help take revenge .,"Action, Comedy"
Kaakha Kaakha,8.0,2003,Gautham Vasudev Menon,Action,"After police team kills brother , drug-dealing gangster vows kill entire team respective families .","Action, Crime, Drama"
Mera Naam Joker,7.9,1970,Raj Kapoor,Comedy,"Raju joker , clown . It always shall . As life story unfolds three chapters , school days circus streets , must always make pe ... Read","Comedy, Drama"
Okkadu,8.0,2003,Gunasekhar,Action,A Kabbadi player rescues young woman unwanted marriage hides home .,"Action, Drama, Romance"
Vettaiyaadu Vilaiyaadu,7.9,2006,Gautham Vasudev Menon,Action,"A Police Officer investigates series brutal rapes murders , culprits seeming cover one country .","Action, Crime, Drama"
Thulladha Manamum Thullum,8.3,1999,Ezhil,Drama,"Kutty good-hearted soul , unfortunate incidents tend portray ruffian side whenever encounters girl loves . A bizarre incident brings closer yet keeps ap ... Read","Drama, Romance"
Kaththi,8.1,2014,A.R. Murugadoss,Action,A case mistaken identity embroils escaped convict fight large corporation intent seizing village 's land .,"Action, Drama"
Gangaajal,7.8,2003,Prakash Jha,Action,"An IPS officer motivates leads dysfunctional , corrupt police force Tezpur fight corrupt politician .","Action, Crime, Drama"
Oopiri,8.0,2016,Vamshi Paidipally,Comedy,"Impressed carefree attitude , quadriplegic multi-billionaire Vikram hires convict parole caretaker . What follows string life lessons learn .","Comedy, Drama"
Mumbai Police,7.9,2013,Rosshan Andrrews,Crime,"ACP Antony one knows truth behind ACP Aaryan 's murder . Antony meets accident , losing memory unable reveal killer . He forced investigate th ... Read","Crime, Mystery, Thriller"
Manam,8.0,2014,Vikram K. Kumar,Comedy,"Through reincarnation , family members able cross generations meddle others ' lives .","Comedy, Drama, Fantasy"
Unnaipol Oruvan,8.0,2009,Chakri Toleti,Action,A retiring police officer remembers thrilling case life recorded case files .,"Action, Crime, Drama"
Leader,8.0,2010,Sekhar Kammula,Drama,"A well educated idealist , son Political leader power wants correct rigged political system favors corruption . However , soon becomes game power . How wou ... Read",Drama
Ayirathil Oruvan,8.0,2010,K. Selvaraghavan,Action,"Anitha , government official , embarks journey find Chandramouli , archaeologist , went Vietnam search existence prince Chola dynasty .","Action, Adventure"
Ab Tak Chhappan,7.8,2004,Shimit Amin,Crime,"Sadhu , encounter specialist , armed personal vendetta find kill gangsters responsible wife 's death .","Crime, Drama"
Dada,8.1,2023,Ganesh K. Babu,Drama,"A couple love , accidentally become teenage parents . Unpleasant situations make fall apart . Manikandan , left alone son , struggles single teenage father . Fate owns , b ... Read","Drama, Family, Romance"
Poove Unakkaga,8.6,1996,Vikraman,Comedy,"When man realizes Hindu woman loves love Christian man , decides sacrifice love unite families make love story success .","Comedy, Drama, Romance"
