Movie Name,Rating,Year,Director,Writers,User Reviews,Genre,Summary,URL,Cast 1,Cast 2
Ramayana: The Legend of Prince Rama,9.2,1993,Ram Mohan,Rani Burra,53.0,Animation,"An anime adaptation of the Hindu epic the Ramayana, where Lord Ram combats the wicked king Ravana.",https://www.imdb.com/title/tt0259534/?ref_=fea_eds_center-3_IndiaTop250_0,Arun Govil,Nikhil Kapoor
12th Fail,8.9,2023,Vidhu Vinod Chopra,Vidhu Vinod Chopra,973.0,Biography,The real-life story of IPS Officer Manoj Kumar Sharma and IRS Officer Shraddha Joshi.,https://www.imdb.com/title/tt23849204/?ref_=fea_eds_center-3_IndiaTop250_1,Vikrant Massey,Medha Shankr
Nayakan,8.7,1987,Mani Ratnam,Balakumaran,237.0,Crime,"A common man's struggles against a corrupt police force put him on the wrong side of the law. He becomes a don, who is loved and respected by many, but his growing power and influence exact ... Read all",https://www.imdb.com/title/tt0093603/?ref_=fea_eds_center-3_IndiaTop250_2,Kamal Haasan,Saranya Ponvannan
Gol Maal,8.5,1979,Hrishikesh Mukherjee,Sailesh Dey,48.0,Comedy,A man's simple lie to secure his job escalates into more complex lies when his orthodox boss gets suspicious.,https://www.imdb.com/title/tt0079221/?ref_=fea_eds_center-3_IndiaTop250_3,Amol Palekar,Utpal Dutt
Anbe Sivam,8.6,2003,Sundar C.,Kamal Haasan,116.0,Adventure,"Two men, one young and arrogant, the other damaged - physically but not spiritually - by life, are thrown together by circumstances, and find that they are in some ways bound together by fat... Read all",https://www.imdb.com/title/tt0367495/?ref_=fea_eds_center-3_IndiaTop250_4,Kamal Haasan,Madhavan
Rocketry: The Nambi Effect,8.7,2022,Madhavan,Madhavan,1100.0,Biography,"The story of Indian Space Research Organization scientist Nambi Narayanan, who was framed for being a spy and arrested in 1994.",https://www.imdb.com/title/tt9263550/?ref_=fea_eds_center-3_IndiaTop250_5,Madhavan,Simran
777 Charlie,8.7,2022,Kiranraj K,Kiranraj K,390.0,Adventure,Dharma is stuck in a rut with his negative and lonely lifestyle and spends each day in the comfort of his loneliness. A pup named Charlie enters his life and gives him a new perspective towa... Read all,https://www.imdb.com/title/tt7466810/?ref_=fea_eds_center-3_IndiaTop250_6,Rakshit Shetty,Charlie
Pariyerum Perumal,8.7,2018,Mari Selvaraj,Mari Selvaraj,168.0,Drama,"A law student from a lower caste begins a friendship with his classmate, a girl who belongs to a higher caste, and the men in her family start giving him trouble over this.",https://www.imdb.com/title/tt8176054/?ref_=fea_eds_center-3_IndiaTop250_7,Kathir,Anandhi
#Home,8.8,2021,Rojin Thomas,Rojin Thomas,541.0,Drama,"Oliver Twist (Indrans) wants to be tech-savvy and become a better companion to his two sons, who spend more time on their phones than with their loved ones.",https://www.imdb.com/title/tt10534500/?ref_=fea_eds_center-3_IndiaTop250_8,Indrans,Sreenath Bhasi
Manichithrathazhu,8.7,1993,Fazil,Madhu Muttam,53.0,Comedy,"When a forbidden room in an old bungalow is unbolted, the spirit of a vengeful dancer is unleashed.",https://www.imdb.com/title/tt0214915/?ref_=fea_eds_center-3_IndiaTop250_9,Mohanlal,Shobana
3 Idiots,8.4,2009,Rajkumar Hirani,Abhijat Joshi,999.0,Comedy,"Two friends are searching for their long lost companion. They revisit their college days and recall the memories of their friend who inspired them to think differently, even as the rest of t... Read all",https://www.imdb.com/title/tt1187043/?ref_=fea_eds_center-3_IndiaTop250_10,Aamir Khan,Madhavan
The World of Apu,8.4,1959,Satyajit Ray,Bibhutibhushan Bandyopadhyay,62.0,Drama,This final installment in Satyajit Ray's Apu Trilogy follows Apu's life as an orphaned adult aspiring to be a writer.,https://www.imdb.com/title/tt0052572/?ref_=fea_eds_center-3_IndiaTop250_11,Soumitra Chatterjee,Sharmila Tagore
Kireedam,8.9,1989,Sibi Malayil,A.K. Lohithadas,33.0,Action,The life of a young man turns upside down when he intervenes in a dispute in order to rescue his father (a cop) from a ruthless local outlaw.,https://www.imdb.com/title/tt0237376/?ref_=fea_eds_center-3_IndiaTop250_12,Mohanlal,Thilakan
C/o Kancharapalem,8.8,2018,Venkatesh Maha,Venkatesh Maha,139.0,Drama,Four unconventional love stories set in the town and including the people of Kancherapalem.,https://www.imdb.com/title/tt7391996/?ref_=fea_eds_center-3_IndiaTop250_13,Radha Bessy,Subba Rao Vepada
Soorarai Pottru,8.7,2020,Sudha Kongara,Sudha Kongara,2100.0,Drama,"Nedumaaran Rajangam ""Maara"" sets out to make the common man fly and in the process takes on the world's most capital intensive industry and several enemies who stand in his way.",https://www.imdb.com/title/tt10189514/?ref_=fea_eds_center-3_IndiaTop250_14,Suriya,Urvashi
Kumbalangi Nights,8.5,2019,Madhu C. Narayanan,Syam Pushkaran,194.0,Comedy,"The film revolves around four brothers who share a love-hate relationship with each other. Their relationship progresses to another level when Saji, Boney, and Franky decide to help Bobby st... Read all",https://www.imdb.com/title/tt8413338/?ref_=fea_eds_center-3_IndiaTop250_15,Shane Nigam,Soubin Shahir
Black Friday,8.4,2004,Anurag Kashyap,Anurag Kashyap,88.0,Action,"A film about the investigations following the 1993 serial Bombay bomb blasts, told through the different stories of the people involved --police, conspirators, victims, middlemen.",https://www.imdb.com/title/tt0400234/?ref_=fea_eds_center-3_IndiaTop250_16,Kay Kay Menon,Pawan Malhotra
Sandesham,9.0,1991,Sathyan Anthikad,Sreenivasan,17.0,Comedy,"A satire on contemporary Kerala politics where brothers turn local leaders of rival parties, leading to distress for their aged and once-proud parents.",https://www.imdb.com/title/tt0353975/?ref_=fea_eds_center-3_IndiaTop250_17,Sreenivasan,Jayaram
Jai Bhim,8.7,2021,T.J. Gnanavel,T.J. Gnanavel,3300.0,Crime,"When a tribal man is arrested for a case of alleged theft, his wife turns to a human-rights lawyer to help bring justice.",https://www.imdb.com/title/tt15097216/?ref_=fea_eds_center-3_IndiaTop250_18,Suriya,Lijo Mol Jose
Jersey,8.5,2019,Gowtam Tinnanuri,Gowtam Tinnanuri,178.0,Drama,A failed cricketer decides to revive his cricketing career in his late 30's despite everyone being skeptical of his ability to do so.,https://www.imdb.com/title/tt8948790/?ref_=fea_eds_center-3_IndiaTop250_19,Nani,Shraddha Srinath
Like Stars on Earth,8.3,2007,Aamir Khan,Amole Gupte,463.0,Drama,"An eight-year-old boy is thought to be a lazy trouble-maker, until the new art teacher has the patience and compassion to discover the real problem behind his struggles in school.",https://www.imdb.com/title/tt0986264/?ref_=fea_eds_center-3_IndiaTop250_20,Darsheel Safary,Aamir Khan
Laapataa Ladies,8.5,2023,Kiran Rao,Biplab Goswami,299.0,Comedy,"The misadventures of two young brides who get lost from the same train. From mistaken identities to laugh-out-aloud escapades, the ensuing chaos guarantees laughter galore and heartwarming m... Read all",https://www.imdb.com/title/tt21626284/?ref_=fea_eds_center-3_IndiaTop250_21,Nitanshi Goel,Pratibha Ranta
Mayabazar,9.1,1957,Kadiri Venkata Reddy,Pingali Nagendra Rao,38.0,Comedy,"Balarama promises Subhadra to get his daughter married to her son. But when the Pandavas loses their kingdom to the Kaurava's, Balarama breaks his promise.",https://www.imdb.com/title/tt0249795/?ref_=fea_eds_center-3_IndiaTop250_22,N.T. Rama Rao,S.V. Ranga Rao
96,8.5,2018,C. Prem Kumar,Charu Gupta,510.0,Drama,Two high school sweethearts meet at a reunion after 22 years and reminisce about their past.,https://www.imdb.com/title/tt7019842/?ref_=fea_eds_center-3_IndiaTop250_23,Vijay Sethupathi,Adithya Bhaskar
Natsamrat,8.8,2016,Mahesh Manjrekar,Abhijeet Shirish Deshpande,72.0,Drama,"After he retires, an aging theatre actor and his wife begin to feel unwanted by their children.",https://www.imdb.com/title/tt5311546/?ref_=fea_eds_center-3_IndiaTop250_24,Nana Patekar,Medha Manjrekar
Dangal,8.3,2016,Nitesh Tiwari,Piyush Gupta,497.0,Action,Former wrestler Mahavir Singh Phogat and his two wrestler daughters struggle towards glory at the Commonwealth Games in the face of societal oppression.,https://www.imdb.com/title/tt5074352/?ref_=fea_eds_center-3_IndiaTop250_25,Aamir Khan,Sakshi Tanwar
Kaithi,8.4,2019,Lokesh Kanagaraj,Lokesh Kanagaraj,290.0,Action,"Dilli, an ex-convict, endeavours to meet his daughter for the first time after leaving prison. However, his attempts are interrupted due to a drug raid planned by Inspector Bejoy.",https://www.imdb.com/title/tt9900782/?ref_=fea_eds_center-3_IndiaTop250_26,Karthi,Narain
Sita Ramam,8.5,2022,Hanu Raghavapudi,Hanu Raghavapudi,701.0,Action,"An orphan soldier, Lieutenant Ram's life changes, after he gets a letter from a girl named Sita. He meets her and love blossoms between them. When he comes back to his camp in Kashmir,After ... Read all",https://www.imdb.com/title/tt20850406/?ref_=fea_eds_center-3_IndiaTop250_27,Dulquer Salmaan,Mrunal Thakur
Drishyam 2,8.4,2021,Jeethu Joseph,Jeethu Joseph,1000.0,Crime,A gripping tale of an investigation and a family which is threatened by it. Will Georgekutty be able to protect his family this time?,https://www.imdb.com/title/tt12361178/?ref_=fea_eds_center-3_IndiaTop250_28,Mohanlal,Meena
Visaaranai,8.4,2015,Vetrimaaran,Chandrakumar,47.0,Crime,Four labourers are tortured by the police to confess to a theft they have not committed.,https://www.imdb.com/title/tt4991384/?ref_=fea_eds_center-3_IndiaTop250_29,Dinesh,Samuthirakani
Thevar Magan,8.7,1992,Bharathan,Kamal Haasan,26.0,Action,The urbane son of a village chieftain struggles between his personal aspirations and those of his family.,https://www.imdb.com/title/tt0105575/?ref_=fea_eds_center-3_IndiaTop250_30,Kamal Haasan,Shivaji Ganesan
Asuran,8.4,2019,Vetrimaaran,M.S. Manimaran,286.0,Action,"The teenage son of a farmer from an underprivileged caste kills a rich, upper caste landlord. How the pacifist farmer saves his hot-blooded son is the rest of the story.",https://www.imdb.com/title/tt9477520/?ref_=fea_eds_center-3_IndiaTop250_31,Dhanush,Manju Warrier
Nadodikkattu,8.8,1987,Sathyan Anthikad,Sreenivasan,11.0,Comedy,"After losing their jobs in Kerala, Dasan and Vijayan decide to migrate to the Middle East. But they end up in Tamil Nadu where they are mistaken as two CID officers by a group of smugglers.",https://www.imdb.com/title/tt0282778/?ref_=fea_eds_center-3_IndiaTop250_32,Mohanlal,Sreenivasan
Thalapathi,8.5,1991,Mani Ratnam,Mani Ratnam,28.0,Action,An orphan named Surya raised in a slum befriends a good crime boss named Devaraj and works for him. Their existence is threatened when a new honest district collector arrives.,https://www.imdb.com/title/tt0101649/?ref_=fea_eds_center-3_IndiaTop250_33,Rajinikanth,Mammootty
Sarpatta Parambarai,8.5,2021,Pa. Ranjith,Tamizh Prabha,465.0,Action,"When Sarpatta Parambarai is challenged to a do-or-die match, will Kabilan, a young labourer, put on the gloves himself and lead his clan to victory, or be dissuaded by his disapproving mothe... Read all",https://www.imdb.com/title/tt11580854/?ref_=fea_eds_center-3_IndiaTop250_34,Arya,Pasupathy
Drishyam,8.3,2013,Jeethu Joseph,Jeethu Joseph,141.0,Crime,A man goes to extreme lengths to save his family from punishment after the family commits an accidental crime.,https://www.imdb.com/title/tt3417422/?ref_=fea_eds_center-3_IndiaTop250_35,Mohanlal,Meena
Thani Oruvan,8.4,2015,Mohan Raja,Mohan Raja,60.0,Action,"Siddharth Abimanyu, an influential scientist, is involved in various illegal medical practices. Mithran, an efficient IPS officer, decides to expose him.",https://www.imdb.com/title/tt4987556/?ref_=fea_eds_center-3_IndiaTop250_36,Jayam Ravi,Arvind Swamy
Nuvvu Naaku Nachchav,8.8,2001,Vijay K. Bhaskar,Trivikram Srinivas,14.0,Comedy,"Venkateswarlu, aka Venky, comes Hyderabad to his father's friend's house where he meets an engaged girl . Things turn upside down when she expresses her love for him .",https://www.imdb.com/title/tt0311594/?ref_=fea_eds_center-3_IndiaTop250_37,Venkatesh Daggubati,Aarthi Agarwal
Anniyan,8.3,2005,S. Shankar,Gopal Ram,73.0,Action,"Ramanujam, who suffers from multiple personality disorder, works as a lawyer by day and a vigilante at night, using tips from the 'Garuda Purana' as his tools to punish various antisocial el... Read all",https://www.imdb.com/title/tt0376127/?ref_=fea_eds_center-3_IndiaTop250_38,Vikram,Sada
Vada Chennai,8.4,2018,Vetrimaaran,Gautam Siddharth,157.0,Action,A young carrom player in north Chennai becomes a reluctant participant in a war between two warring gangsters.,https://www.imdb.com/title/tt5959980/?ref_=fea_eds_center-3_IndiaTop250_39,Dhanush,Ameer Sultan
Jaane Bhi Do Yaaro,8.3,1983,Kundan Shah,Ranjit Kapoor,62.0,Comedy,"Two photographers, who are employed by a magazine editor to expose the scandalous activities of the rich, come across corruption by a builder and accidentally photograph a murder.",https://www.imdb.com/title/tt0085743/?ref_=fea_eds_center-3_IndiaTop250_40,Naseeruddin Shah,Ravi Baswani
Khosla Ka Ghosla!,8.2,2006,Dibakar Banerjee,Jaideep Sahni,54.0,Comedy,A Delhi-based retired middle-class man tries half-heartedly to get his land back from a swindling property dealer with the help of his sons and their friends.,https://www.imdb.com/title/tt0466460/?ref_=fea_eds_center-3_IndiaTop250_41,Anupam Kher,Boman Irani
Raatchasan,8.3,2018,Ram Kumar,Ram Kumar,571.0,Action,A sub-inspector sets out in pursuit of a mysterious serial killer who targets teen school girls and murders them brutally.,https://www.imdb.com/title/tt7060344/?ref_=fea_eds_center-3_IndiaTop250_42,Vishnu Vishal,Amala Paul
Peranbu,8.7,2018,Ram,Ram,425.0,Drama,"A single father tries to raise his daughter, who has cerebral palsy, even as she is beginning to wake up to her sexuality.",https://www.imdb.com/title/tt7738784/?ref_=fea_eds_center-3_IndiaTop250_43,Mammootty,Sadhana
Aparajito,8.2,1956,Satyajit Ray,Bibhutibhushan Bandyopadhyay,59.0,Drama,"Following his father's death, a boy leaves home to study in Calcutta, while his mother must face a life alone.",https://www.imdb.com/title/tt0048956/?ref_=fea_eds_center-3_IndiaTop250_44,Pinaki Sengupta,Smaran Ghosal
Bangalore Days,8.3,2014,Anjali Menon,Anjali Menon,76.0,Comedy,"A fun roller coaster ride about three young people, Aju, Divya and Kuttan who are cousins, reach Bangalore to dream, discover and explore.",https://www.imdb.com/title/tt3668162/?ref_=fea_eds_center-3_IndiaTop250_45,Dulquer Salmaan,Nivin Pauly
Sardar Udham,8.4,2021,Shoojit Sircar,Shubhendu Bhattacharya,953.0,Biography,"A biopic detailing the 2 decades that Punjabi Sikh revolutionary, Udham Singh, spent planning the assassination of the man responsible for the Jallianwala Bagh massacre.",https://www.imdb.com/title/tt10280296/?ref_=fea_eds_center-3_IndiaTop250_46,Vicky Kaushal,Shaun Scott
Devasuram,8.7,1993,I.V. Sasi,Ranjith,14.0,Action,"Neelakandan squanders away the inheritance left by his father. However, his life turns upside down when his mother reveals a terrible secret on her deathbed that changes the course of his li... Read all",https://www.imdb.com/title/tt0291855/?ref_=fea_eds_center-3_IndiaTop250_47,Mohanlal,Napolean
Premam,8.3,2015,Alphonse Puthren,Alphonse Puthren,111.0,Comedy,A young man has three opportunities to find love. Will the third time be the charm?,https://www.imdb.com/title/tt4679210/?ref_=fea_eds_center-3_IndiaTop250_48,Nivin Pauly,Sai Pallavi
Satya,8.3,1998,Ram Gopal Varma,Anurag Kashyap,77.0,Action,An innocent man is embroiled in underworld after being falsely charged and sets out to punish the perpetrators who subjected his life to misery.,https://www.imdb.com/title/tt0195231/?ref_=fea_eds_center-3_IndiaTop250_49,J.D. Chakravarthi,Manoj Bajpayee
Gangs of Wasseypur,8.2,2012,Anurag Kashyap,Akhilesh Jaiswal,305.0,Action,"A clash between Sultan and Shahid Khan leads to the expulsion of Khan from Wasseypur, and ignites a deadly blood feud spanning three generations.",https://www.imdb.com/title/tt1954470/?ref_=fea_eds_center-3_IndiaTop250_50,Manoj Bajpayee,Nawazuddin Siddiqui
Agent Sai Srinivasa Athreya,8.3,2019,Swaroop Rsj,Swaroop Rsj,174.0,Comedy,Agent Sai Srinivasa Athreya is an authentic humorous investigative thriller revolving around the adventures of a detective based out of Nellore.,https://www.imdb.com/title/tt10214826/?ref_=fea_eds_center-3_IndiaTop250_51,Naveen Polishetty,Shruti Sharma
Pather Panchali,8.2,1955,Satyajit Ray,Bibhutibhushan Bandyopadhyay,203.0,Drama,"Impoverished priest Harihar Ray, dreaming of a better life for himself and his family, leaves his rural Bengal village in search of work.",https://www.imdb.com/title/tt0048473/?ref_=fea_eds_center-3_IndiaTop250_52,Kanu Bannerjee,Karuna Bannerjee
Chupke Chupke,8.3,1975,Hrishikesh Mukherjee,Upendranath Ganguly,22.0,Comedy,A newly wedded husband plays a practical joke on his wife's family with full support from his wife and friends.,https://www.imdb.com/title/tt0072783/?ref_=fea_eds_center-3_IndiaTop250_53,Dharmendra,Sharmila Tagore
Mahanati,8.4,2018,Nag Ashwin,Nag Ashwin,108.0,Biography,"Biography of Savitri, an actress from South India movie industry, who ruled the industry for two decades during 50s and 60s.",https://www.imdb.com/title/tt7465992/?ref_=fea_eds_center-3_IndiaTop250_54,Keerthy Suresh,Dulquer Salmaan
Chithram,8.6,1988,Priyadarshan,Priyadarshan,14.0,Comedy,A woman hires a stranger to pose as her husband because she doesn't want her ailing father to know that her fiance broke their engagement.,https://www.imdb.com/title/tt0214585/?ref_=fea_eds_center-3_IndiaTop250_55,Mohanlal,Nedumudi Venu
Drishyam,8.2,2015,Nishikant Kamat,Jeethu Joseph,310.0,Crime,"Desperate measures are taken by a man who tries to save his family from the dark side of the law, after they commit an unexpected crime.",https://www.imdb.com/title/tt4430212/?ref_=fea_eds_center-3_IndiaTop250_56,Ajay Devgn,Shriya Saran
Chhichhore,8.3,2019,Nitesh Tiwari,Piyush Gupta,736.0,Comedy,"A tragic incident forces Anirudh, a middle-aged man, to take a trip down memory lane and reminisce his college days along with his friends, who were labelled as losers.",https://www.imdb.com/title/tt9052870/?ref_=fea_eds_center-3_IndiaTop250_57,Sushant Singh Rajput,Shraddha Kapoor
Bhaag Milkha Bhaag,8.2,2013,Rakeysh Omprakash Mehra,Prasoon Joshi,216.0,Biography,"The truth behind the ascension of Milkha Singh, who was scarred by of the India-Pakistan partition.",https://www.imdb.com/title/tt2356180/?ref_=fea_eds_center-3_IndiaTop250_58,Farhan Akhtar,Kousi Orfahli
Spadikam,8.6,1995,Bhadran,Raajendra Babu,19.0,Action,A small-town criminal constantly clashes with his strict school headmaster father at the expense of their family lives.,https://www.imdb.com/title/tt0292246/?ref_=fea_eds_center-3_IndiaTop250_59,Mohanlal,Thilakan
Guide,8.3,1965,Vijay Anand,Vijay Anand,62.0,Drama,"When mistaken to be a sage by some villagers, an ex-tour guide reflects on his past and lost love to search for spiritual wisdom to guide the villagers.",https://www.imdb.com/title/tt0059246/?ref_=fea_eds_center-3_IndiaTop250_60,Dev Anand,Waheeda Rehman
Vikram Vedha,8.2,2017,Gayatri,Manikandan K.,207.0,Action,"Vikram, a no-nonsense police officer, accompanied by Simon, his partner, is on the hunt to capture Vedha, a smuggler and a murderer. Vedha tries to change Vikram's life, which leads to a con... Read all",https://www.imdb.com/title/tt6148156/?ref_=fea_eds_center-3_IndiaTop250_61,Madhavan,Vijay Sethupathi
Zindagi Na Milegi Dobara,8.2,2011,Zoya Akhtar,Farhan Akhtar,239.0,Comedy,Three friends decide to turn their fantasy vacation into reality after one of their friends gets engaged.,https://www.imdb.com/title/tt1562872/?ref_=fea_eds_center-3_IndiaTop250_62,Hrithik Roshan,Farhan Akhtar
Andhadhun,8.2,2018,Sriram Raghavan,Arijit Biswas,925.0,Crime,"A series of mysterious events change the life of a blind pianist, who must now report a crime that he should technically know nothing of.",https://www.imdb.com/title/tt8108198/?ref_=fea_eds_center-3_IndiaTop250_63,Ayushmann Khurrana,Tabu
Vikram,8.3,2022,Lokesh Kanagaraj,Lokesh Kanagaraj,695.0,Action,"A special investigator discovers a case of serial killings is not what it seems to be, and leading down this path is only going to end in a war between everyone involved.",https://www.imdb.com/title/tt9179430/?ref_=fea_eds_center-3_IndiaTop250_64,Kamal Haasan,Vijay Sethupathi
Tumbbad,8.2,2018,Rahi Anil Barve,Mitesh Shah,909.0,Drama,A mythological story about a goddess who created the entire universe. The plot revolves around the consequences when humans build a temple for her first-born.,https://www.imdb.com/title/tt8239946/?ref_=fea_eds_center-3_IndiaTop250_65,Sohum Shah,Jyoti Malshe
Iruvar,8.4,1997,Mani Ratnam,Mani Ratnam,36.0,Biography,A struggling actor and a writer-politician become friends as young men and rise to great heights in cinema and politics respectively. But when both become contenders for the top political po... Read all,https://www.imdb.com/title/tt0119385/?ref_=fea_eds_center-3_IndiaTop250_66,Mohanlal,Aishwarya Rai Bachchan
Swades,8.2,2004,Ashutosh Gowariker,M.G. Sathya,364.0,Drama,A successful Indian scientist returns to an Indian village to take his nanny to America with him and in the process rediscovers his roots.,https://www.imdb.com/title/tt0367110/?ref_=fea_eds_center-3_IndiaTop250_67,Shah Rukh Khan,Gayatri Joshi
Manjummel Boys,8.3,2024,Chidambaram,Chidambaram,115.0,Adventure,"A group of friends get into a daring rescue mission to save their friend from Guna Caves, a perilously deep pit from where nobody has ever been brought back.",https://www.imdb.com/title/tt26458038/?ref_=fea_eds_center-3_IndiaTop250_68,Soubin Shahir,Sreenath Bhasi
Super Deluxe,8.2,2019,Thiagarajan Kumararaja,Thiagarajan Kumararaja,224.0,Comedy,"An unfaithful newly-wed wife, an estranged father, a priest and an angry son suddenly find themselves in the most unexpected predicaments, each poised to experience their destiny, all on one... Read all",https://www.imdb.com/title/tt7019942/?ref_=fea_eds_center-3_IndiaTop250_69,Vijay Sethupathi,Fahadh Faasil
Kannathil Muthamittal,8.3,2002,Mani Ratnam,Sujatha Rangarajan,49.0,Action,"A little girl is told by her parents that she is adopted. Determined to find her real mother, she begs to be taken to Sri Lanka, where her mother works with a militant group of activists.",https://www.imdb.com/title/tt0312859/?ref_=fea_eds_center-3_IndiaTop250_70,Keerthana Parthiepan,Simran
Hera Pheri,8.2,2000,Priyadarshan,Siddique,127.0,Action,"Three unemployed men look for answers to all their money problems - but when their opportunity arrives, will they know what to do with it?",https://www.imdb.com/title/tt0242519/?ref_=fea_eds_center-3_IndiaTop250_71,Akshay Kumar,Suniel Shetty
Sairat,8.3,2016,Nagraj Manjule,Nagraj Manjule,105.0,Drama,"In interior Maharashtra, a fisherman's son and a local politician's daughter fall in love against the restrictions of caste hierarchy.",https://www.imdb.com/title/tt5312232/?ref_=fea_eds_center-3_IndiaTop250_72,Rinku Rajguru,Akash Thosar
Shahid,8.2,2012,Hansal Mehta,Sameer Gautam Singh,74.0,Biography,"The account of Human Rights lawyer Shahid Azmi, an ordinary citizen with an extraordinary commitment to justice.",https://www.imdb.com/title/tt2181831/?ref_=fea_eds_center-3_IndiaTop250_73,Rajkummar Rao,Prabhleen Sandhu
Mudhalvan,8.4,1999,S. Shankar,S. Shankar,13.0,Action,"A man accepts a challenge to act as the Chief Minister of Tamil Nadu for one day only, and makes such a success of it that soon he is embroiled in political intrigue.",https://www.imdb.com/title/tt0220656/?ref_=fea_eds_center-3_IndiaTop250_74,Arjun Sarja,Manisha Koirala
Aruvi,8.4,2016,Arun Prabhu Purushothaman,Arun Prabhu Purushothaman,121.0,Drama,A gentle girl born and brought up amidst the ever growing eco-social-consumeristic environment finds it difficult to fit in the society. She decides to take it hard on the people. What she d... Read all,https://www.imdb.com/title/tt5867800/?ref_=fea_eds_center-3_IndiaTop250_75,Aditi Balan,Padmashri Mohammad Ali
Munna Bhai M.B.B.S.,8.1,2003,Rajkumar Hirani,Vidhu Vinod Chopra,104.0,Comedy,A gangster sets out to fulfill his father's dream of becoming a doctor.,https://www.imdb.com/title/tt0374887/?ref_=fea_eds_center-3_IndiaTop250_76,Sanjay Dutt,Arshad Warsi
Papanasam,8.4,2015,Jeethu Joseph,Jayamohan,20.0,Crime,Desperate measures are taken by a man who tries to save his family from the dark side of the law after they commit an unexpected crime.,https://www.imdb.com/title/tt4429128/?ref_=fea_eds_center-3_IndiaTop250_77,Kamal Haasan,Gautami
Thirst,8.3,1957,Guru Dutt,Abrar Alvi,61.0,Drama,"Vijay, a talented but indigent poet, struggles for love and recognition in this selfish world.",https://www.imdb.com/title/tt0050870/?ref_=fea_eds_center-3_IndiaTop250_78,Guru Dutt,Waheeda Rehman
Mandela,8.4,2021,Madonne Ashwin,Madonne Ashwin,141.0,Comedy,A local barber's fate turns overnight when he becomes the single deciding vote in the village elections.,https://www.imdb.com/title/tt10687070/?ref_=fea_eds_center-3_IndiaTop250_79,Yogi Babu,Sheela Rajkumar
Chak De! India,8.1,2007,Shimit Amin,Jaideep Sahni,148.0,Drama,"Kabir Khan, the coach of the Indian Women's National Hockey Team, dreams of making his all-girls team emerge victorious against all odds.",https://www.imdb.com/title/tt0871510/?ref_=fea_eds_center-3_IndiaTop250_80,Shah Rukh Khan,Vidya Malvade
Paan Singh Tomar,8.2,2012,Tigmanshu Dhulia,Sanjay Chauhan,101.0,Action,"The story of Paan Singh Tomar, an Indian athlete and seven-time national steeplechase champion who becomes one of the most feared dacoits in Chambal Valley after his retirement.",https://www.imdb.com/title/tt1620933/?ref_=fea_eds_center-3_IndiaTop250_81,Irrfan Khan,Mahie Gill
Uri: The Surgical Strike,8.2,2019,Aditya Dhar,Aditya Dhar,1000.0,Action,"Indian army special forces execute a covert operation, avenging the killing of fellow army men at their base by a terrorist group.",https://www.imdb.com/title/tt8291224/?ref_=fea_eds_center-3_IndiaTop250_82,Vicky Kaushal,Paresh Rawal
Pudhu Pettai,8.4,2006,K. Selvaraghavan,Balakumaran,37.0,Action,"After running away from his home, Kumar falls in with a gang and slowly rises through the ranks of the criminal underworld.",https://www.imdb.com/title/tt0459516/?ref_=fea_eds_center-3_IndiaTop250_83,Dhanush,Sneha
Aaranya Kaandam,8.5,2010,Thiagarajan Kumararaja,Thiagarajan Kumararaja,25.0,Action,A mob boss must deal with a disgruntled mistress and a vanishing bag of cocaine.,https://www.imdb.com/title/tt1496729/?ref_=fea_eds_center-3_IndiaTop250_84,Sampath Raj,Jackie Shroff
Jana Gana Mana,8.3,2022,Dijo Jose Antony,Sharis Mohammed,214.0,Crime,"As a college professor's brutal murder sparks student unrest, a cop launches an investigation while a lawyer seeks justice in the the courtroom.",https://www.imdb.com/title/tt13391710/?ref_=fea_eds_center-3_IndiaTop250_85,Prithviraj Sukumaran,Suraj Venjaramoodu
Black,8.1,2005,Sanjay Leela Bhansali,Sanjay Leela Bhansali,183.0,Drama,"The cathartic tale of a young woman who can't see, hear, or speak, and the teacher who brings a ray of light into her dark world.",https://www.imdb.com/title/tt0375611/?ref_=fea_eds_center-3_IndiaTop250_86,Amitabh Bachchan,Rani Mukerji
Jo Jeeta Wohi Sikandar,8.1,1992,Mansoor Khan,Nasir Hussain,42.0,Comedy,"A rich brat and a poor chap try to woo a girl, with their rivalry culminating in the most prestigious college event - the marathon cycle race.",https://www.imdb.com/title/tt0104561/?ref_=fea_eds_center-3_IndiaTop250_87,Aamir Khan,Ayesha Jhulka
Drishyam 2,8.2,2022,Abhishek Pathak,Jeethu Joseph,177.0,Crime,A gripping tale of an investigation and a family which is threatened by it. Will Vijay Salgaonkar be able to protect his family this time?,https://www.imdb.com/title/tt15501640/?ref_=fea_eds_center-3_IndiaTop250_88,Ajay Devgn,Akshaye Khanna
Lagaan: Once Upon a Time in India,8.1,2001,Ashutosh Gowariker,Ashutosh Gowariker,321.0,Drama,The people of a small village in Victorian India stake their future on a game of cricket against their ruthless British rulers.,https://www.imdb.com/title/tt0169102/?ref_=fea_eds_center-3_IndiaTop250_89,Aamir Khan,Raghubir Yadav
PK,8.1,2014,Rajkumar Hirani,Rajkumar Hirani,695.0,Comedy,An alien on Earth loses the only device he can use to communicate with his spaceship. His innocent nature and child-like questions force the country to evaluate the impact of religious views... Read all,https://www.imdb.com/title/tt2338151/?ref_=fea_eds_center-3_IndiaTop250_90,Aamir Khan,Anushka Sharma
Jigarthanda,8.2,2014,Karthik Subbaraj,Karthik Subbaraj,45.0,Comedy,An aspiring director targets a ruthless gangster because he wants to make a violent gangster film. His discreet attempts to research the gangster fail miserably. Finally when he gets caught ... Read all,https://www.imdb.com/title/tt3569782/?ref_=fea_eds_center-3_IndiaTop250_91,Siddharth,Bobby Simha
Soodhu Kavvum,8.3,2013,Nalan Kumarasamy,Srinivas Kavinayam,29.0,Comedy,"Das, with his team, kidnap Arumai, son of a politician, who has been planning his own kidnapping to extract money from his father. Problems arise, when an insane cop is brought to handle the... Read all",https://www.imdb.com/title/tt2877108/?ref_=fea_eds_center-3_IndiaTop250_92,Vijay Sethupathi,Sanchita Shetty
Virumandi,8.4,2004,Kamal Haasan,H. Banerjee,38.0,Action,A temperamental farmer gets embroiled in a bloody clan feud in a southern Tamil Nadu village.,https://www.imdb.com/title/tt0364647/?ref_=fea_eds_center-3_IndiaTop250_93,Kamal Haasan,Abhirami
2018,8.3,2023,Jude Anthany Joseph,Akhil P. Dharmajan,98.0,Action,A disaster film set during the 2018 Kerala Floods where people from all walks of life faced catastrophic consequences and put in collective efforts to survive the calamity.,https://www.imdb.com/title/tt9006564/?ref_=fea_eds_center-3_IndiaTop250_94,Tovino Thomas,Kunchacko Boban
Sholay,8.1,1975,Ramesh Sippy,Javed Akhtar,190.0,Action,"After his family is murdered by a notorious and ruthless bandit, a former police officer enlists the services of two outlaws to capture the bandit.",https://www.imdb.com/title/tt0073707/?ref_=fea_eds_center-3_IndiaTop250_95,Sanjeev Kumar,Dharmendra
Dhuruvangal Pathinaaru,8.2,2016,Karthick Naren,Karthick Naren,91.0,Crime,"A police officer retires after an accident during a case investigation. Years later, he is forced to relive the past as he narrates the story to his friend's son.",https://www.imdb.com/title/tt6380520/?ref_=fea_eds_center-3_IndiaTop250_96,Rahman,Prakash Raghavan
The Crow's Egg,8.3,2014,M. Manikandan,Anand Annamalai,32.0,Comedy,Two slum kids yearn to taste a pizza after being enticed by the pizza shop that has opened near their locality. What happens when they manage to find the money to buy one?,https://www.imdb.com/title/tt3973410/?ref_=fea_eds_center-3_IndiaTop250_97,Ramesh Thilaganathan,J. Vignesh
Sarfarosh,8.1,1999,John Mathew Matthan,Hriday Lani,33.0,Action,"After his brother is killed and father severely injured by terrorists, a young med student quits his studies to join the Indian Police Service to wipe out the terrorists.",https://www.imdb.com/title/tt0200087/?ref_=fea_eds_center-3_IndiaTop250_98,Aamir Khan,Naseeruddin Shah
Barfi!,8.1,2012,Anurag Basu,Anurag Basu,277.0,Comedy,Three young people learn that love can neither be defined nor contained by society's definition of normal and abnormal.,https://www.imdb.com/title/tt2082197/?ref_=fea_eds_center-3_IndiaTop250_99,Ranbir Kapoor,Priyanka Chopra Jonas
Udaan,8.1,2010,Vikramaditya Motwane,Vikramaditya Motwane,123.0,Drama,"Expelled from his school, a 16-year old boy returns home to his abusive and oppressive father.",https://www.imdb.com/title/tt1639426/?ref_=fea_eds_center-3_IndiaTop250_100,Rajat Barmecha,Ronit Roy
Maheshinte Prathikaaram,8.3,2016,Dileesh Pothan,Syam Pushkaran,36.0,Comedy,"Mahesh, a studio photographer and studio owner gets into a fight and loses. He ends up taking revenge which leads to certain realizations in his life.",https://www.imdb.com/title/tt4851630/?ref_=fea_eds_center-3_IndiaTop250_101,Fahadh Faasil,Aparna Balamurali
OMG: Oh My God!,8.1,2012,Umesh Shukla,Alok Jha,157.0,Comedy,A shopkeeper takes God to court when his shop is destroyed by an earthquake.,https://www.imdb.com/title/tt2283748/?ref_=fea_eds_center-3_IndiaTop250_102,Paresh Rawal,Akshay Kumar
Talvar,8.1,2015,Meghna Gulzar,Vishal Bhardwaj,114.0,Crime,An experienced investigator confronts several conflicting theories about the perpetrators of a violent double homicide.,https://www.imdb.com/title/tt4934950/?ref_=fea_eds_center-3_IndiaTop250_103,Irrfan Khan,Konkona Sen Sharma
Angoor,8.3,1982,Gulzar,Gulzar,24.0,Comedy,"Based on Shakespeare's 'A Comedy of Errors', this is a story of identical twins (2 pairs) and mistaken identities.",https://www.imdb.com/title/tt0215517/?ref_=fea_eds_center-3_IndiaTop250_104,Sanjeev Kumar,Moushumi Chatterjee
Theeran Adhigaram Ondru,8.2,2017,H. Vinoth,H. Vinoth,68.0,Action,"Theeran, a police officer, is entrusted with the task to solve the mystery behind a series of murders. The only clue left behind is that all the murders are committed in the same pattern.",https://www.imdb.com/title/tt7060460/?ref_=fea_eds_center-3_IndiaTop250_105,Karthi,Rakul Preet Singh
Ustad Hotel,8.2,2012,Anwar Rasheed,Anjali Menon,52.0,Comedy,"Faisi wants to go to UK to become a professional chef but circumstances force him to assist his grandfather in a small restaurant in Kozhikode city, changing his outlook on life forever.",https://www.imdb.com/title/tt2218988/?ref_=fea_eds_center-3_IndiaTop250_106,Dulquer Salmaan,Thilakan
Queen,8.1,2013,Vikas Bahl,Vikas Bahl,234.0,Adventure,A Delhi girl from a traditional family sets out on a solo honeymoon after her marriage gets cancelled.,https://www.imdb.com/title/tt3322420/?ref_=fea_eds_center-3_IndiaTop250_107,Kangana Ranaut,Rajkummar Rao
Article 15,8.1,2019,Anubhav Sinha,Anubhav Sinha,371.0,Crime,"In the rural heartlands of India, an upright police officer sets out on a crusade against violent caste-based crimes and discrimination.",https://www.imdb.com/title/tt10324144/?ref_=fea_eds_center-3_IndiaTop250_108,Ayushmann Khurrana,Nassar
The Legend of Bhagat Singh,8.1,2002,Rajkumar Santoshi,Ranjit Kapoor,57.0,Action,The story of a young revolutionary who raised an armed resistance against the British rule in India.,https://www.imdb.com/title/tt0319736/?ref_=fea_eds_center-3_IndiaTop250_109,Ajay Devgn,Sushant Singh
Baasha,8.3,1995,Suresh Krishna,Suresh Krishna,28.0,Action,"An auto driver, Manikam, desperately tries to hide his dark underworld side to keep his promise to his father.",https://www.imdb.com/title/tt0139876/?ref_=fea_eds_center-3_IndiaTop250_110,Rajinikanth,Nagma
Baahubali 2: The Conclusion,8.2,2017,S.S. Rajamouli,Vijayendra Prasad,583.0,Action,"Amarendra Baahubali, the heir apparent to the throne of Mahishmati, finds his life and relationships endangered as his adoptive brother Bhallaladeva conspires to claim the throne.",https://www.imdb.com/title/tt4849438/?ref_=fea_eds_center-3_IndiaTop250_111,Prabhas,Rana Daggubati
Rang De Basanti,8.1,2006,Rakeysh Omprakash Mehra,Renzil D'Silva,404.0,Comedy,"The story of six young Indians who assist an English woman to film a documentary on the freedom fighters from their past, and the events that lead them to relive the long-forgotten saga of f... Read all",https://www.imdb.com/title/tt0405508/?ref_=fea_eds_center-3_IndiaTop250_112,Aamir Khan,Soha Ali Khan
Pithamagan,8.3,2003,Bala,Bala,19.0,Action,"Chittan, a social outcast, has grown up in a cemetery. A drug dealer finds him a job in a cannabis farm. In prison, he meets a conman, Shakti. This friendship transforms him from his stony e... Read all",https://www.imdb.com/title/tt0376076/?ref_=fea_eds_center-3_IndiaTop250_113,Vikram,Suriya
A Northern Story of Valor,8.7,1989,T. Hariharan,M.T. Vasudevan Nair,45.0,Drama,The film offers an alternative version of the fight between two legendary Chekavars from Chanthu's perspective.,https://www.imdb.com/title/tt0230597/?ref_=fea_eds_center-3_IndiaTop250_114,Mammootty,Madhavi
Kahaani,8.1,2012,Sujoy Ghosh,Sujoy Ghosh,213.0,Mystery,"A pregnant woman's search for her missing husband takes her from London to Kolkata, but everyone she questions denies having ever met him.",https://www.imdb.com/title/tt1821480/?ref_=fea_eds_center-3_IndiaTop250_115,Vidya Balan,Parambrata Chattopadhyay
Lion,8.0,2016,Garth Davis,Saroo Brierley,653.0,Biography,"A five-year-old Indian boy is adopted by an Australian couple after getting lost hundreds of kilometers from home. 25 years later, he sets out to find his lost family.",https://www.imdb.com/title/tt3741834/?ref_=fea_eds_center-3_IndiaTop250_116,Dev Patel,Nicole Kidman
Masaan,8.1,2015,Neeraj Ghaywan,Akbar Allahabadi,127.0,Drama,"Along India's Ganges River, four people face prejudice, a strict moral code and a punishing caste system as they confront personal tragedies.",https://www.imdb.com/title/tt4635372/?ref_=fea_eds_center-3_IndiaTop250_117,Richa Chadha,Sanjay Mishra
A Wednesday,8.1,2008,Neeraj Pandey,Neeraj Pandey,167.0,Action,A retiring police officer reminisces about the most astounding day of his career. About a case that was never filed but continues to haunt him in his memories - the case of a man and a Wedne... Read all,https://www.imdb.com/title/tt1280558/?ref_=fea_eds_center-3_IndiaTop250_118,Anupam Kher,Naseeruddin Shah
Dil Chahta Hai,8.1,2001,Farhan Akhtar,Kassim Jagmagia,139.0,Comedy,"Three inseparable childhood friends are just out of college. Nothing comes between them - until they each fall in love, and their wildly different approaches to relationships creates tension... Read all",https://www.imdb.com/title/tt0292490/?ref_=fea_eds_center-3_IndiaTop250_119,Aamir Khan,Saif Ali Khan
Shershaah,8.3,2021,Vishnuvardhan,Sandeep Shrivastava,3000.0,Action,"Shershaah is the story of PVC awardee Indian soldier Capt. Vikram Batra, whose bravery and unflinching courage in chasing the Pakistani soldiers out of Indian territory contributed immensely... Read all",https://www.imdb.com/title/tt10295212/?ref_=fea_eds_center-3_IndiaTop250_120,Sidharth Malhotra,Kiara Advani
Nil Battey Sannata,8.2,2015,Ashwiny Iyer Tiwari,Nitesh Tiwari,55.0,Drama,A story about a single woman (a Mom) and dreams on her Daughter.,https://www.imdb.com/title/tt5005684/?ref_=fea_eds_center-3_IndiaTop250_121,Swara Bhasker,Riya Shukla
Kaun Pravin Tambe?,8.3,2022,Jayprad Desai,Kedar Patankar,240.0,Biography,An indian cricketer who shows persistence and hardwork to achieve his ultimate goal of playing a Ranji Trophy. At the penultimate stage of the career at a age when it is believed people's ca... Read all,https://www.imdb.com/title/tt18568902/?ref_=fea_eds_center-3_IndiaTop250_122,Shreyas Talpade,Gaurav Kamble
Bajrangi Bhaijaan,8.1,2015,Kabir Khan,Vijayendra Prasad,434.0,Action,An Indian man with a magnanimous heart takes a young mute Pakistani girl back to her homeland to reunite her with her family.,https://www.imdb.com/title/tt3863552/?ref_=fea_eds_center-3_IndiaTop250_123,Salman Khan,Harshaali Malhotra
Lage Raho Munna Bhai,8.0,2006,Rajkumar Hirani,Vidhu Vinod Chopra,124.0,Comedy,Munna Bhai embarks on a journey with Mahatma Gandhi in order to fight against a corrupt property dealer.,https://www.imdb.com/title/tt0456144/?ref_=fea_eds_center-3_IndiaTop250_124,Sanjay Dutt,Arshad Warsi
Alai Payuthey,8.3,2000,Mani Ratnam,Mani Ratnam,28.0,Drama,"After a difficult romance in a class-divided society, the love birds find out marriage is not what they thought it would be.",https://www.imdb.com/title/tt0242256/?ref_=fea_eds_center-3_IndiaTop250_125,Madhavan,Shalini
Iqbal,8.1,2005,Nagesh Kukunoor,Nagesh Kukunoor,29.0,Drama,"Iqbal, the deaf and mute son of a farmer, has a passion for the game of cricket and seeks the tutelage of a washed-up, alcoholic ex-player.",https://www.imdb.com/title/tt0453729/?ref_=fea_eds_center-3_IndiaTop250_126,Shreyas Talpade,Naseeruddin Shah
Anand,8.1,1971,Hrishikesh Mukherjee,Hrishikesh Mukherjee,152.0,Drama,"The story of a terminally ill man who wishes to live life to the fullest before the inevitable occurs, as told by his best friend.",https://www.imdb.com/title/tt0066763/?ref_=fea_eds_center-3_IndiaTop250_127,Rajesh Khanna,Amitabh Bachchan
Lucia,8.3,2013,Pawan Kumar,Pawan Kumar,129.0,Drama,"A man suffering from insomnia is tricked into buying a drug, Lucia, that makes his desires come true in his dreams, blurring the line between fantasy and reality.",https://www.imdb.com/title/tt2358592/?ref_=fea_eds_center-3_IndiaTop250_128,Sathish Neenasam,Sruthi Hariharan
Bommarillu,8.2,2006,Bommarillu Baskar,Bommarillu Baskar,25.0,Comedy,A young man realizes that he has to push back against his domineering father if he wants to find true happiness and love.,https://www.imdb.com/title/tt0843326/?ref_=fea_eds_center-3_IndiaTop250_129,Siddharth,Genelia Deshmukh
Pink,8.1,2016,Aniruddha Roy Chowdhury,Shoojit Sircar,236.0,Crime,"When three young women are implicated in a crime, a retired lawyer steps forward to help them clear their names.",https://www.imdb.com/title/tt5571734/?ref_=fea_eds_center-3_IndiaTop250_130,Amitabh Bachchan,Taapsee Pannu
Charulata,8.1,1964,Satyajit Ray,Rabindranath Tagore,43.0,Drama,"The lonely wife of a newspaper editor falls in love with her visiting cousin-in-law, who shares her love for literature.",https://www.imdb.com/title/tt0057935/?ref_=fea_eds_center-3_IndiaTop250_131,Soumitra Chatterjee,Madhavi Mukherjee
Roja,8.1,1992,Mani Ratnam,Mani Ratnam,23.0,Drama,"A woman from a village in Tamil Nadu marries a sophisticated city dweller and moves with him to Kashmir, where all is rosy - until he gets kidnapped by militants.",https://www.imdb.com/title/tt0105271/?ref_=fea_eds_center-3_IndiaTop250_132,Arvind Swamy,Madhoo
Viduthalai: Part 1,8.3,2023,Vetrimaaran,Jayamohan,73.0,Action,A police officer is recruited to capture the leader of a separatist group.,https://www.imdb.com/title/tt11396310/?ref_=fea_eds_center-3_IndiaTop250_133,Soori,Vijay Sethupathi
Omkara,8.0,2006,Vishal Bhardwaj,Vishal Bhardwaj,94.0,Action,A politically-minded enforcer's misguided trust in his lieutenant leads him to suspect his wife of infidelity in this adaptation of Shakespeare's 'Othello'.,https://www.imdb.com/title/tt0488414/?ref_=fea_eds_center-3_IndiaTop250_134,Ajay Devgn,Kareena Kapoor
Bombay,8.1,1995,Mani Ratnam,Mani Ratnam,39.0,Drama,"A Hindu man and a Muslim woman fall in love in a small village and move to Mumbai, where they have two children. However, growing religious tensions and erupting riots threaten to tear the f... Read all",https://www.imdb.com/title/tt0112553/?ref_=fea_eds_center-3_IndiaTop250_135,Arvind Swamy,Manisha Koirala
Indian,8.1,1996,S. Shankar,S. Shankar,26.0,Action,A veteran freedom fighter enraged with the rising crime and corruption in the society murders all the wrong doers one by one using an ancient martial arts technique.,https://www.imdb.com/title/tt0116630/?ref_=fea_eds_center-3_IndiaTop250_136,Kamal Haasan,Sukanya
Section 375,8.1,2019,Ajay Bahl,Manish Gupta,234.0,Crime,"A celebrated Bollywood director Rohan Khurana stands accused by a female member of his crew, Anjali Dangle of having raped her at his residence.",https://www.imdb.com/title/tt8144834/?ref_=fea_eds_center-3_IndiaTop250_137,Akshaye Khanna,Richa Chadha
Padaiyappa,8.2,1999,K.S. Ravikumar,K.S. Ravikumar,10.0,Action,"The death of Padaiyappa's father destroys his family. But his luck changes, and he is able to lead a prosperous life, until his nemesis plots to ruin his happiness once more.",https://www.imdb.com/title/tt0213969/?ref_=fea_eds_center-3_IndiaTop250_138,Shivaji Ganesan,Rajinikanth
Vaaranam Aayiram,8.2,2008,Gautham Vasudev Menon,Meghana Karthik,58.0,Action,"A father and son help each other through growing up, romance, tragedy, and adventure.",https://www.imdb.com/title/tt1180583/?ref_=fea_eds_center-3_IndiaTop250_139,Suriya,Simran
K.G.F: Chapter 1,8.2,2018,Prashanth Neel,M Chandramouli,1300.0,Action,"In the 1970s, a gangster named Rocky goes undercover as a slave to assassinate the owner of a notorious gold mine known as the Kolar Gold Fields.",https://www.imdb.com/title/tt7838252/?ref_=fea_eds_center-3_IndiaTop250_140,Yash,Srinidhi Shetty
Dilwale Dulhania Le Jayenge,8.0,1995,Aditya Chopra,Aditya Chopra,184.0,Drama,"When Raj meets Simran in Europe, it isn't love at first sight but when Simran moves to India for an arranged marriage, love makes its presence felt.",https://www.imdb.com/title/tt0112870/?ref_=fea_eds_center-3_IndiaTop250_141,Shah Rukh Khan,Kajol
Rangasthalam,8.2,2018,Sukumar,Sukumar,195.0,Action,Chitti Babu begins to suspect his elder brother's life is in danger after they team up to lock horns with their village president and overthrow his unlawful 30 year old regime.,https://www.imdb.com/title/tt7392212/?ref_=fea_eds_center-3_IndiaTop250_142,Ram Charan,Samantha Ruth Prabhu
Athadu,8.2,2005,Trivikram Srinivas,Trivikram Srinivas,36.0,Action,"A gunman for hire is framed for murder, and assumes a dead man's identity while hiding from the police.",https://www.imdb.com/title/tt0471571/?ref_=fea_eds_center-3_IndiaTop250_143,Mahesh Babu,Trisha Krishnan
Mughal-E-Azam,8.1,1960,K. Asif,K. Asif,46.0,Drama,A 16th century prince falls in love with a court dancer and battles with his emperor father.,https://www.imdb.com/title/tt0054098/?ref_=fea_eds_center-3_IndiaTop250_144,Prithviraj Kapoor,Madhubala
Andaz Apna Apna,8.0,1994,Rajkumar Santoshi,Rajkumar Santoshi,138.0,Action,Two slackers competing for the affections of an heiress inadvertently become her protectors from an evil criminal.,https://www.imdb.com/title/tt0109117/?ref_=fea_eds_center-3_IndiaTop250_145,Aamir Khan,Salman Khan
Haider,8.0,2014,Vishal Bhardwaj,William Shakespeare,284.0,Action,"A young man returns to Kashmir after his father's disappearance to confront his uncle, whom he suspects of playing a role in his father's fate.",https://www.imdb.com/title/tt3390572/?ref_=fea_eds_center-3_IndiaTop250_146,Shahid Kapoor,Tabu
Thadam,8.1,2019,Magizh Thirumeni,Magizh Thirumeni,94.0,Action,The murder of a youngster creates confusion among cops when they discover the suspect has a lookalike.,https://www.imdb.com/title/tt7822438/?ref_=fea_eds_center-3_IndiaTop250_147,Arun Vijay,Tanya Hope
The Great Indian Kitchen,8.1,2021,Jeo Baby,Jeo Baby,267.0,Comedy,"After marriage, a woman struggles to be the submissive wife that her husband and his family expect her to be. The story follows her journey, as she changes herself and, even more so, changes... Read all",https://www.imdb.com/title/tt13299890/?ref_=fea_eds_center-3_IndiaTop250_148,Nimisha Sajayan,Suraj Venjaramoodu
Hi Nanna,8.2,2023,Shouryuv,Vamshi Bommena,157.0,Drama,A single father begins to narrate the story of the missing mother to his child and nothing remains the same.,https://www.imdb.com/title/tt25433734/?ref_=fea_eds_center-3_IndiaTop250_149,Nani,Mrunal Thakur
Kantara,8.2,2022,Rishab Shetty,Manish Bhavan,1200.0,Action,"When greed paves the way for betrayal, scheming and murder, a young tribal reluctantly dons the traditions of his ancestors to seek justice.",https://www.imdb.com/title/tt15327088/?ref_=fea_eds_center-3_IndiaTop250_150,Rishab Shetty,Kishore Kumar G.
Pelli Choopulu,8.2,2016,Tharun Bhascker Dhaassyam,Tharun Bhascker Dhaassyam,25.0,Comedy,A wannabe businesswoman and a happy-go-lucky guy meet each other during an arranged marriage blind date but eventually team up to start a food truck on their own.,https://www.imdb.com/title/tt5824826/?ref_=fea_eds_center-3_IndiaTop250_151,Abhay Bethiganti,Keshav Deepak
Special 26,8.0,2013,Neeraj Pandey,Neeraj Pandey,148.0,Crime,A gang of con-men rob prominent rich businessmen and politicians by posing as C.B.I and income tax officers.,https://www.imdb.com/title/tt2377938/?ref_=fea_eds_center-3_IndiaTop250_152,Akshay Kumar,Anupam Kher
Chithha,8.2,2023,S.U. Arun Kumar,S.U. Arun Kumar,51.0,Drama,"A man is raising his niece like his own daughter, and everything appears normal in their life until the little girl goes missing.",https://www.imdb.com/title/tt27540185/?ref_=fea_eds_center-3_IndiaTop250_153,Siddharth,Sahasra Sree
Maqbool,8.0,2003,Vishal Bhardwaj,Abbas Tyrewala,44.0,Crime,The intrigue of the Shakespearean tragedy 'Macbeth' is transposed to the Mumbai underworld.,https://www.imdb.com/title/tt0379370/?ref_=fea_eds_center-3_IndiaTop250_154,Irrfan Khan,Tabu
Maanaadu,8.2,2021,Venkat Prabhu,Venkat Prabhu,287.0,Action,"On the day of a public conference by the state's Chief Minister, his bodyguard and a police officer are stuck in a time loop.",https://www.imdb.com/title/tt4983780/?ref_=fea_eds_center-3_IndiaTop250_155,Silambarasan Rajendar,S.J. Suryah
Ulidavaru Kandanthe,8.4,2014,Rakshit Shetty,Rakshit Shetty,71.0,Crime,"A journalist sets out to uncover the truth behind an incident, through the perspectives of different people, unraveling how they and their lives are intertwined with it.",https://www.imdb.com/title/tt3394420/?ref_=fea_eds_center-3_IndiaTop250_156,Rakshit Shetty,Rishab Shetty
Gulaal,8.0,2009,Anurag Kashyap,Raj Singh Chaudhary,71.0,Crime,"A law student witnesses deception, homicide, and crime after being elected as General Secretary of his college.",https://www.imdb.com/title/tt1261047/?ref_=fea_eds_center-3_IndiaTop250_157,Kay Kay Menon,Raj Singh Chaudhary
Sirf Ek Bandaa Kaafi Hai,8.0,2023,Apoorv Singh Karki,Deepak Kingrani,371.0,Crime,A common man with honesty and integrity can take on the system when he has truth on his side.,https://www.imdb.com/title/tt24485052/?ref_=fea_eds_center-3_IndiaTop250_158,Manoj Bajpayee,Adrija Sinha
Aadukalam,8.1,2011,Vetrimaaran,Meghana Karthik,19.0,Action,Falling in love with Irene as well as refusing to obey his boss Pettaikaran in a rooster fight complicates Karuppu's life.,https://www.imdb.com/title/tt1821317/?ref_=fea_eds_center-3_IndiaTop250_159,Dhanush,Taapsee Pannu
Naduvula Konjam Pakkatha Kaanom,8.2,2012,Balaji Tharaneetharan,Balaji Tharaneetharan,18.0,Comedy,"A young man forgets a few years of his life, even as he is about to get married.",https://www.imdb.com/title/tt2564144/?ref_=fea_eds_center-3_IndiaTop250_160,Vijay Sethupathi,Gayathrie
Padosan,8.1,1968,Jyoti Swaroop,Rajendra Krishan,28.0,Comedy,A simple man from a village falls in love with his new neighbor. He enlists the help of his musical-theater friends to woo the lovely girl-next-door away from her music teacher.,https://www.imdb.com/title/tt0063404/?ref_=fea_eds_center-3_IndiaTop250_161,Sunil Dutt,Saira Banu
Maanagaram,8.1,2017,Lokesh Kanagaraj,Lokesh Kanagaraj,33.0,Action,Four youngsters arrive in a big city and their lives become interlinked.,https://www.imdb.com/title/tt5559528/?ref_=fea_eds_center-3_IndiaTop250_162,Sundeep Kishan,Sri
Vaastav: The Reality,8.0,1999,Mahesh Manjrekar,Imtiaz Hussain,25.0,Action,Consequences force an innocent man to get involved in crime after making an error.,https://www.imdb.com/title/tt0220832/?ref_=fea_eds_center-3_IndiaTop250_163,Sanjay Dutt,Namrata Shirodkar
K.G.F: Chapter 2,8.3,2022,Prashanth Neel,Prashanth Neel,1900.0,Action,"In the blood-soaked Kolar Gold Fields, Rocky's name strikes fear into his foes, while the government sees him as a threat to law and order. Rocky must battle threats from all sides for uncha... Read all",https://www.imdb.com/title/tt10698680/?ref_=fea_eds_center-3_IndiaTop250_164,Yash,Sanjay Dutt
Deewaar,8.0,1975,Yash Chopra,Javed Akhtar,38.0,Action,"Vijay struggles as a dockworker and eventually becomes a leading figure of the underworld, while his younger brother Ravi is an educated, upright policeman. This divide causes problems in th... Read all",https://www.imdb.com/title/tt0072860/?ref_=fea_eds_center-3_IndiaTop250_165,Amitabh Bachchan,Shashi Kapoor
Saptha Sagaradaache Ello - Side A,8.2,2023,Hemanth M. Rao,Hemanth M. Rao,88.0,Drama,"Manu and Priya hail from a middle-class background and fall in love. When circumstances land Manu in jail, his relationship with Priya is put in jeopardy.",https://www.imdb.com/title/tt11992424/?ref_=fea_eds_center-3_IndiaTop250_166,Rakshit Shetty,Rukmini Vasanth
Company,8.0,2002,Ram Gopal Varma,H. Banerjee,47.0,Action,"A small-time gangster named Chandu teams up with Malik, a low-level enforcer for a criminal syndicate. Together they eliminate all their enemies, becoming the most feared gangsters in Mumbai... Read all",https://www.imdb.com/title/tt0296574/?ref_=fea_eds_center-3_IndiaTop250_167,Ajay Devgn,Mohanlal
Kshanam,8.2,2016,Ravikanth Perepu,Adivi Sesh,22.0,Mystery,"Rishi, a non-resident Indian, returns to India to help his ex-lover find her kidnapped daughter.",https://www.imdb.com/title/tt5504168/?ref_=fea_eds_center-3_IndiaTop250_168,Adivi Sesh,Adah Sharma
Nayattu,8.1,2021,Martin Prakkat,Shahi Kabir,164.0,Crime,"Three police officers who are on a run for life, escaping the outbreak against them due to the unlawful arrest and torture of a civilian. It brings in a few shades of arrogant yet very much ... Read all",https://www.imdb.com/title/tt11604676/?ref_=fea_eds_center-3_IndiaTop250_169,Kunchacko Boban,Joju George
The Goat Life,8.6,2024,Blessy,Benyamin,141.0,Adventure,"The real-life incident of an Indian migrant worker, Najeeb Muhammad, who goes to Saudi Arabia to earn money. However, in a twist of fate, he finds himself living a slave-like existence, herd... Read all",https://www.imdb.com/title/tt5525650/?ref_=fea_eds_center-3_IndiaTop250_170,Prithviraj Sukumaran,Jimmy Jean-Louis
Evaru,8.1,2019,Venkat Ramji,Venkat Ramji,95.0,Crime,Sub-inspector Vikram Vasudev is entrusted with the task of investigating the murder of a high ranking officer who was killed by his alleged rape victim. When he delves deeper into the case h... Read all,https://www.imdb.com/title/tt10545484/?ref_=fea_eds_center-3_IndiaTop250_171,Adivi Sesh,Regina Cassandra
Garuda Gamana Vrishabha Vahana,8.3,2021,Raj B. Shetty,Raj B. Shetty,168.0,Crime,"Set in the backdrop of the coastal and cultural city of modern-day Mangaluru, Hari and his soulmate Shiva rise together to great heights only to face off as bitter enemies resulting to their... Read all",https://www.imdb.com/title/tt11953248/?ref_=fea_eds_center-3_IndiaTop250_172,Raj B. Shetty,Rishab Shetty
Charlie,8.0,2015,Martin Prakkat,Martin Prakkat,78.0,Adventure,"A young, nonconforming woman named Tessa gets entangled in a cat-and-mouse chase in the by-lanes of Kerala, hunting for a mysterious artist who previously lived in her apartment.",https://www.imdb.com/title/tt5082014/?ref_=fea_eds_center-3_IndiaTop250_173,Dulquer Salmaan,Parvathy Thiruvothu
Ugly,7.9,2013,Anurag Kashyap,Akhilesh Jaiswal,132.0,Crime,The case of a missing girl takes us through a journey of human greed and brushes upon the egos and repressed emotions of the characters.,https://www.imdb.com/title/tt2882328/?ref_=fea_eds_center-3_IndiaTop250_174,Rahul Bhat,Ronit Roy
Pranchiyettan and the Saint,8.3,2010,Ranjith,Ranjith,13.0,Comedy,Pranchiyettan is a successful businessman who often has talks with an imaginary St. Francis of Assisi. The story deals with how he goes about changing his embarrassing image to making a name... Read all,https://www.imdb.com/title/tt1695800/?ref_=fea_eds_center-3_IndiaTop250_175,Mammootty,Priyamani
Badhaai Ho,7.9,2018,Amit Ravindernath Sharma,Akshat Ghildial,258.0,Comedy,A man is embarrassed when he finds out his mother is pregnant.,https://www.imdb.com/title/tt7725596/?ref_=fea_eds_center-3_IndiaTop250_176,Ayushmann Khurrana,Neena Gupta
Ayyappanum Koshiyum,8.0,2020,Sachy,Sachy,122.0,Action,"The story revolves around the clash between Ayyappan, a senior police officer who serves at the Attappadi Police Station and Havildar Koshi, who comes to the village with a motive.",https://www.imdb.com/title/tt11322920/?ref_=fea_eds_center-3_IndiaTop250_177,Biju Menon,Prithviraj Sukumaran
22 Shey Shraban,8.1,2011,Srijit Mukherji,Annapurna Basu,22.0,Action,An ex-cop is hired to track down a serial killer who carries out his killings according to Bengali poetry.,https://www.imdb.com/title/tt2075108/?ref_=fea_eds_center-3_IndiaTop250_178,Prasenjit Chatterjee,Parambrata Chattopadhyay
M.S. Dhoni: The Untold Story,8.0,2016,Mathur Goswami,Neeraj Pandey,265.0,Biography,The untold story of Mahendra Singh Dhoni's journey from ticket collector to trophy collector - the world-cup-winning captain of the Indian Cricket Team.,https://www.imdb.com/title/tt4169250/?ref_=fea_eds_center-3_IndiaTop250_179,Sushant Singh Rajput,Kiara Advani
Deiva Thirumagal,8.2,2011,A.L. Vijay,Vijay,49.0,Drama,"A man with disabilities fights for custody of his 7-year-old daughter, and in the process teaches his opponent lawyer the value of love and family.",https://www.imdb.com/title/tt1857670/?ref_=fea_eds_center-3_IndiaTop250_180,Vikram,Anushka Shetty
My Name Is Khan,7.9,2010,Karan Johar,Shibani Bathija,361.0,Adventure,An Indian Muslim man with Asperger's syndrome takes a challenge to speak to the President of the United States seriously and embarks on a cross-country journey.,https://www.imdb.com/title/tt1188996/?ref_=fea_eds_center-3_IndiaTop250_181,Shah Rukh Khan,Kajol
Thondi Muthalum Driksakshiyum,8.1,2017,Dileesh Pothan,Sajeev Pazhoor,39.0,Crime,"Prasad and Sreeja enter wedlock and move to a new place to continue the rest of their lives. Unfortunate events begin to take place after Prasad, a small-time thief, robs Sreeja's gold chain... Read all",https://www.imdb.com/title/tt5906392/?ref_=fea_eds_center-3_IndiaTop250_182,Fahadh Faasil,Suraj Venjaramoodu
Gully Boy,7.9,2019,Zoya Akhtar,Zoya Akhtar,493.0,Drama,A coming-of-age story based on the lives of street rappers in Mumbai.,https://www.imdb.com/title/tt2395469/?ref_=fea_eds_center-3_IndiaTop250_183,Ranveer Singh,Alia Bhatt
Ship of Theseus,8.0,2012,Anand Gandhi,Anand Gandhi,80.0,Drama,"The film explores questions of identity, justice, beauty, meaning and death through an experimental photographer, an ailing monk and a young stockbroker.",https://www.imdb.com/title/tt1773764/?ref_=fea_eds_center-3_IndiaTop250_184,Aydah El-Kashef,Yogesh Shah
Take Off,8.1,2017,Mahesh Narayanan,Mahesh Narayanan,29.0,Action,"In 2014, a group of Malayali nurses was captured when terrorists took over the city of Tikrit in Iraq. This movie recounts the ordeal suffered by the nurses following their capture.",https://www.imdb.com/title/tt6315524/?ref_=fea_eds_center-3_IndiaTop250_185,Parvathy Thiruvothu,Fahadh Faasil
Major,8.1,2022,Sashi Kiran Tikka,Adivi Sesh,708.0,Action,"Based on the life of Major Sandeep Unnikrishnan, who was martyred in action during the November 2008 Mumbai attacks.",https://www.imdb.com/title/tt9851854/?ref_=fea_eds_center-3_IndiaTop250_186,Adivi Sesh,Prakash Raj
Kal Ho Naa Ho,7.9,2003,Nikkhil Advani,Niranjan Iyengar,194.0,Comedy,"Naina, an introverted, perpetually depressed girl's life changes when she meets Aman. But Aman has a secret of his own which changes their lives forever. Embroiled in all this is Rohit, Nain... Read all",https://www.imdb.com/title/tt0347304/?ref_=fea_eds_center-3_IndiaTop250_187,Preity G Zinta,Shah Rukh Khan
Jab We Met,7.9,2007,Imtiaz Ali,Imtiaz Ali,126.0,Comedy,A depressed wealthy businessman finds his life changing after he meets a spunky and care-free young woman.,https://www.imdb.com/title/tt1093370/?ref_=fea_eds_center-3_IndiaTop250_188,Shahid Kapoor,Kareena Kapoor
Vedam,8.1,2010,Radha Krishna Jagarlamudi,Radha Krishna Jagarlamudi,29.0,Action,"Stories of 5 people, an educated slum dweller, an aspiring rock star, an old villager, a prostitute and an ostracized Muslim man; all lead up to a night in a hospital filled with jeopardy.",https://www.imdb.com/title/tt1649431/?ref_=fea_eds_center-3_IndiaTop250_189,Allu Arjun,Anushka Shetty
Dev.D,7.9,2009,Anurag Kashyap,Sarat Chandra Chattopadhyay,140.0,Comedy,"After breaking up with his childhood sweetheart, a young man finds solace in drugs. Meanwhile, a teenage girl is caught in the world of prostitution. Will they be destroyed, or will they fin... Read all",https://www.imdb.com/title/tt1327035/?ref_=fea_eds_center-3_IndiaTop250_190,Abhay Deol,Mahie Gill
Border,7.9,1997,J.P. Dutta,J.P. Dutta,48.0,Action,"In 1971, along the border region of Longewala, a small battalion of Indian soldiers goes up against a large Pakistani strike force.",https://www.imdb.com/title/tt0118751/?ref_=fea_eds_center-3_IndiaTop250_191,Sunny Deol,Suniel Shetty
Manjhi: The Mountain Man,8.0,2015,Ketan Mehta,Shahzad Ahmed,87.0,Biography,"Using only a hammer and a chisel, a man spends twenty-two years carving a road through a treacherous mountain.",https://www.imdb.com/title/tt3449292/?ref_=fea_eds_center-3_IndiaTop250_192,Nawazuddin Siddiqui,Radhika Apte
Gargi,8.1,2022,Gautham Ramachandran,Hariharan Raju,90.0,Drama,The journey of a young school teacher to prove her father's innocence with the help of a juvenile advocate who's never even seen the interiors of a court hall.,https://www.imdb.com/title/tt21261388/?ref_=fea_eds_center-3_IndiaTop250_193,Sai Pallavi,Kaali Venkat
The Brawler,8.0,2017,Anurag Kashyap,Anudeep Singh,81.0,Action,A boxer struggles to make his mark in the boxing world.,https://www.imdb.com/title/tt7180544/?ref_=fea_eds_center-3_IndiaTop250_194,Vineet Kumar Singh,Jimmy Shergill
Kirik Party,8.2,2016,Rishab Shetty,Rakshit Shetty,34.0,Comedy,"Kirik Party is the story of a gang of mischievous students, lead by the protagonist Karna (Rakshit Shetty), who has just joined an engineering college.",https://www.imdb.com/title/tt6054758/?ref_=fea_eds_center-3_IndiaTop250_195,Rakshit Shetty,Rashmika Mandanna
Por Thozhil,8.0,2023,Vignesh Raja,Alfred Prakash,81.0,Action,A bright but faint-hearted rookie cop has to overcome his fears in order to succeed in his first case which sees him partnered with a reclusive senior officer to catch a serial killer on the... Read all,https://www.imdb.com/title/tt27542289/?ref_=fea_eds_center-3_IndiaTop250_196,R. Sarathkumar,Lisha Chinnu
Hridayam,8.1,2022,Vineeth Sreenivasan,Vineeth Sreenivasan,251.0,Drama,"The emotional journey of Arun, his carefree bachelor days in engineering college, and how he matures through various phases of life.",https://www.imdb.com/title/tt11375428/?ref_=fea_eds_center-3_IndiaTop250_197,Pranav Mohanlal,Kalyani Priyadarshan
Vinnaithaandi Varuvaayaa,8.1,2010,Gautham Vasudev Menon,Gautham Vasudev Menon,46.0,Drama,An aspiring filmmaker goes through the ups and downs of romance when he falls for a Christian woman who says she only wants to be friends.,https://www.imdb.com/title/tt1609168/?ref_=fea_eds_center-3_IndiaTop250_198,Silambarasan Rajendar,Trisha Krishnan
Baahubali: The Beginning,8.0,2015,S.S. Rajamouli,Vijayendra Prasad,608.0,Action,"A child from the Mahishmati kingdom is raised by tribal people and one day learns about his royal heritage, his father's bravery in battle and a mission to overthrow the incumbent ruler.",https://www.imdb.com/title/tt2631186/?ref_=fea_eds_center-3_IndiaTop250_199,Prabhas,Rana Daggubati
Jigarthanda Double X,8.0,2023,Karthik Subbaraj,Karthik Subbaraj,57.0,Action,"In 1975, a filmmaker agrees to collaborate on a film with a gangster who wishes to become a famous actor.",https://www.imdb.com/title/tt24226474/?ref_=fea_eds_center-3_IndiaTop250_200,Raghava Lawrence,S.J. Suryah
Salaam Bombay!,7.9,1988,Mira Nair,Mira Nair,75.0,Crime,"Young Krishna struggles to survive among the drug dealers, pimps, and prostitutes in the back alleys and gutters of India.",https://www.imdb.com/title/tt0096028/?ref_=fea_eds_center-3_IndiaTop250_201,Shafiq Syed,Anjaan
Dil Bechara,8.3,2020,Mukesh Chhabra,Shashank Khaitan,7700.0,Comedy,"The emotional journey of two hopelessly-in-love youngsters; a young girl, Kizie, who is suffering from cancer; and Manny, a boy Kizie meets at a support group.",https://www.imdb.com/title/tt8110330/?ref_=fea_eds_center-3_IndiaTop250_202,Sushant Singh Rajput,Sanjana Sanghi
Karnan,8.0,2021,Mari Selvaraj,Mari Selvaraj,362.0,Action,"Karnan, a fearless village youth, must fight for the rights of the conservative people of his village, due to the torture given by a police officer.",https://www.imdb.com/title/tt11581174/?ref_=fea_eds_center-3_IndiaTop250_203,Dhanush,Lal
Traffic,8.1,2011,Rajesh Pillai,Bobby,14.0,Action,The lives of some different people get intertwined when a girl is in urgent need of a heart transplant with the only heart donor being many miles of traffic away.,https://www.imdb.com/title/tt1821682/?ref_=fea_eds_center-3_IndiaTop250_204,Sreenivasan,Kunchacko Boban
Super 30,7.9,2019,Vikas Bahl,Sanjeev Dutta,616.0,Biography,Based on the life of Patna-based mathematician Anand Kumar who runs the famed Super 30 program for IIT aspirants in Patna.,https://www.imdb.com/title/tt7485048/?ref_=fea_eds_center-3_IndiaTop250_205,Hrithik Roshan,Mrunal Thakur
Hey Ram,8.0,2000,Kamal Haasan,H. Banerjee,72.0,Crime,Saketh Ram's wife is raped and killed during direct action day riots in Calcutta. He is convinced that Mahatma Gandhi is responsible for all the problems happening in the country and sets ou... Read all,https://www.imdb.com/title/tt0222012/?ref_=fea_eds_center-3_IndiaTop250_206,Kamal Haasan,Shah Rukh Khan
Love Today,8.0,2022,Pradeep Ranganathan,Pradeep Ranganathan,76.0,Comedy,"Two young lovers, who are made to exchange their phones for a day and what happens due to that.",https://www.imdb.com/title/tt22488728/?ref_=fea_eds_center-3_IndiaTop250_207,Pradeep Ranganathan,Ivana
Pizza,7.9,2012,Karthik Subbaraj,Prasath Ramar,14.0,Horror,A pizza delivery boy lands in a mysterious circumstance and it works a dramatic change in his life.,https://www.imdb.com/title/tt2585562/?ref_=fea_eds_center-3_IndiaTop250_208,Vijay Sethupathi,Ramya Nambeeshan
Pad Man,7.9,2018,R. Balki,R. Balki,145.0,Comedy,"Upon realizing the extent to which women are affected by their menses, a man sets out to create a sanitary pad machine and to provide inexpensive sanitary pads to the women of rural India.",https://www.imdb.com/title/tt7218518/?ref_=fea_eds_center-3_IndiaTop250_209,Akshay Kumar,Radhika Apte
Android Kunjappan Ver 5.25,8.0,2019,Ratheesh Balakrishnan Poduval,Ratheesh Balakrishnan Poduval,69.0,Comedy,"Story of a conventional, conservative small town villager and his son who has to move away from home due to his profession. Their relationship gets an endearing twist when an AI humanoid ent... Read all",https://www.imdb.com/title/tt9526826/?ref_=fea_eds_center-3_IndiaTop250_210,Soubin Shahir,Suraj Venjaramoodu
Ghilli,8.1,2004,Dharani,Bharathan,47.0,Action,"Velu, an aspiring kabaddi player, goes to Madurai to participate in a regional match, where he rescues Dhanalakshmi from Muthupandi, a powerful man keen on marrying the girl against her will... Read all",https://www.imdb.com/title/tt0422320/?ref_=fea_eds_center-3_IndiaTop250_211,Joseph Vijay,Trisha Krishnan
Baby,7.9,2015,Neeraj Pandey,Neeraj Pandey,259.0,Action,"An elite counter-intelligence unit learns of a plot, masterminded by a maniacal madman. With the clock ticking, it's up to them to track the terrorists' international tentacles and prevent t... Read all",https://www.imdb.com/title/tt3848892/?ref_=fea_eds_center-3_IndiaTop250_212,Akshay Kumar,Danny Denzongpa
Ankhon Dekhi,7.9,2013,Rajat Kapoor,Rajat Kapoor,105.0,Comedy,"After a distressing incident, a Delhi man vows to believe only what he can see, but his new ideals soon take his life in extreme directions.",https://www.imdb.com/title/tt3614516/?ref_=fea_eds_center-3_IndiaTop250_213,Sanjay Mishra,Seema Pahwa
Hindi Medium,7.8,2017,Saket Chaudhary,Sonu Sinha,111.0,Comedy,A couple from Chandni Chowk aspire to give their daughter the best education and thus be a part of and accepted by the elite of Delhi.,https://www.imdb.com/title/tt5764096/?ref_=fea_eds_center-3_IndiaTop250_214,Irrfan Khan,Saba Qamar
Joseph,8.0,2018,M. Padmakumar,Shahi Kabir,76.0,Crime,"The story develops through the life of four retired policemen. It has the tone of a thriller investigation. An issue affecting the life of Joseph, the central character, and his family is be... Read all",https://www.imdb.com/title/tt8561086/?ref_=fea_eds_center-3_IndiaTop250_215,Joju George,Athmeeya Rajan
Memories,8.0,2013,Jeethu Joseph,Jeethu Joseph,28.0,Mystery,"Sam Alex, a drunkard ex-cop, is forced to investigate a series of murders which are committed in the same pattern. His search leads to a serial killer, and something more than what he expect... Read all",https://www.imdb.com/title/tt3124456/?ref_=fea_eds_center-3_IndiaTop250_216,Prithviraj Sukumaran,Sreejith Ravi
Malik,8.0,2021,Mahesh Narayanan,Mahesh Narayanan,389.0,Action,"A past ridden with crime, death and pain is recounted to Freddy, a juvenile criminal, who has been assigned to eliminate his estranged uncle Sulaiman, an aging patriarch, while behind bars.",https://www.imdb.com/title/tt10919240/?ref_=fea_eds_center-3_IndiaTop250_217,Fahadh Faasil,Nimisha Sajayan
The Tashkent Files,8.1,2019,Vivek Agnihotri,Vivek Agnihotri,532.0,Drama,"Revolves around the mysterious death of India's 2nd Prime Minister Shri Lal Bahadur Shastri and attempts to uncover if he had actually died a natural death, or, as alleged, was assassinated.",https://www.imdb.com/title/tt8108268/?ref_=fea_eds_center-3_IndiaTop250_218,Shweta Basu Prasad,Mithun Chakraborty
Thuppakki,8.1,2012,A.R. Murugadoss,Mayank Jain,134.0,Action,An army captain is on a mission to track down and destroy a terrorist gang and deactivate the sleeper cells under its command.,https://www.imdb.com/title/tt2187153/?ref_=fea_eds_center-3_IndiaTop250_219,Joseph Vijay,Kajal Aggarwal
Anjaam Pathiraa,7.9,2020,Midhun Manuel Thomas,Midhun Manuel Thomas,153.0,Crime,"The police are on the trail of a serial killer, but with the victims being fellow officers, will they be able to catch the killer and solve the case in time?",https://www.imdb.com/title/tt10717738/?ref_=fea_eds_center-3_IndiaTop250_220,Kunchacko Boban,Jinu Joseph
The Music Room,7.9,1958,Satyajit Ray,Tarashankar Banerjee,42.0,Drama,"Depicts the end days of a decadent zamindar (landlord) in Bengal, and his efforts to uphold his family prestige even when faced with economic adversity.",https://www.imdb.com/title/tt0051792/?ref_=fea_eds_center-3_IndiaTop250_221,Chhabi Biswas,Gangapada Basu
English Vinglish,7.8,2012,Gauri Shinde,Gauri Shinde,148.0,Comedy,"A quiet, sweet tempered housewife endures small slights from her well-educated husband and daughter every day because of her inability to speak and understand English.",https://www.imdb.com/title/tt2181931/?ref_=fea_eds_center-3_IndiaTop250_222,Sridevi,Adil Hussain
Arjun Reddy,7.9,2017,Sandeep Reddy Vanga,Sandeep Reddy Vanga,150.0,Action,"Arjun Reddy, a short-tempered house surgeon, gets used to drugs and drinks when his girlfriend is forced to marry another person.",https://www.imdb.com/title/tt7294534/?ref_=fea_eds_center-3_IndiaTop250_223,Vijay Deverakonda,Shalini Pandey
Johnny Gaddaar,7.9,2007,Sriram Raghavan,Vinay Choudary,74.0,Crime,"Police officers recount a tale of missing money which results in lies, deceit, betrayal and death.",https://www.imdb.com/title/tt1077248/?ref_=fea_eds_center-3_IndiaTop250_224,Dharmendra,Rimi Sen
Dor,7.9,2006,Nagesh Kukunoor,Nagesh Kukunoor,51.0,Drama,"Two woman --different backgrounds, miles apart, and strangers to each other-- are linked by tragedy. Their new-found friendship is tested as one holds the fate of the other's husband in her ... Read all",https://www.imdb.com/title/tt0824316/?ref_=fea_eds_center-3_IndiaTop250_225,Ayesha Takia,Shreyas Talpade
Lakshya,7.8,2004,Farhan Akhtar,Javed Akhtar,105.0,Action,"An aimless, jobless, irresponsible grown man joins the army and matures into a battlefield hero.",https://www.imdb.com/title/tt0323013/?ref_=fea_eds_center-3_IndiaTop250_226,Hrithik Roshan,Preity G Zinta
Maidaan,8.1,2024,Amit Ravindernath Sharma,Akash Chawla,150.0,Biography,"Inspired by the Indian national football team coach and manager Syed Abdul Rahim, who is regarded as the architect of Indian football.",https://www.imdb.com/title/tt10869778/?ref_=fea_eds_center-3_IndiaTop250_227,Ajay Devgn,Priyamani
Pokiri,8.0,2006,Puri Jagannadh,Puri Jagannadh,24.0,Action,A money-minded criminal has to deal with two rival gangs as well as an evil cop threatening his girlfriend.,https://www.imdb.com/title/tt0816258/?ref_=fea_eds_center-3_IndiaTop250_228,Mahesh Babu,Ileana D'Cruz
Aavesham,8.0,2024,Jithu Madhavan,Jithu Madhavan,98.0,Action,Three teenagers reach Bangalore for their engineering degree and gets involved in a fight with seniors. They find a local gangster named Ranga to help them take revenge.,https://www.imdb.com/title/tt26660021/?ref_=fea_eds_center-3_IndiaTop250_229,Fahadh Faasil,Hipzster
Kaakha Kaakha,8.0,2003,Gautham Vasudev Menon,Morgan Anthony,15.0,Action,"After a police team kills his brother, a drug-dealing gangster vows to kill the entire team and their respective families.",https://www.imdb.com/title/tt0375878/?ref_=fea_eds_center-3_IndiaTop250_230,Suriya,Jyotika
Airlift,7.9,2016,Raja Menon,Raja Menon,214.0,Action,"When Iraq invades Kuwait in August 1990, a callous Indian businessman becomes the spokesperson for more than 170,000 stranded countrymen.",https://www.imdb.com/title/tt4387040/?ref_=fea_eds_center-3_IndiaTop250_231,Akshay Kumar,Nimrat Kaur
Mera Naam Joker,7.9,1970,Raj Kapoor,Khwaja Ahmad Abbas,29.0,Comedy,"Raju is a joker, a clown. It is what he is and what he always shall be. As his life story unfolds in three chapters, from his school days to the circus to the streets, he must always make pe... Read all",https://www.imdb.com/title/tt0066070/?ref_=fea_eds_center-3_IndiaTop250_232,Raj Kapoor,Manoj Kumar
Okkadu,8.0,2003,Gunasekhar,Gunasekhar,15.0,Action,A Kabbadi player rescues a young woman from an unwanted marriage and hides her in his home.,https://www.imdb.com/title/tt0366840/?ref_=fea_eds_center-3_IndiaTop250_233,Mahesh Babu,Bhoomika Chawla
Vettaiyaadu Vilaiyaadu,7.9,2006,Gautham Vasudev Menon,Dasaradh,39.0,Action,"A Police Officer investigates a series of brutal rapes and murders, with the culprits seeming to cover more than one country.",https://www.imdb.com/title/tt0455829/?ref_=fea_eds_center-3_IndiaTop250_234,Kamal Haasan,Jyotika
Thulladha Manamum Thullum,8.3,1999,Ezhil,Ezhil,20.0,Drama,"Kutty is a good-hearted soul, but unfortunate incidents tend to portray his ruffian side whenever he encounters the girl he loves. A bizarre incident brings them closer and yet keeps them ap... Read all",https://www.imdb.com/title/tt1517561/?ref_=fea_eds_center-3_IndiaTop250_235,Joseph Vijay,Simran
Kaththi,8.1,2014,A.R. Murugadoss,A.R. Murugadoss,130.0,Action,A case of mistaken identity embroils an escaped convict in a fight against a large corporation intent on seizing a village's land.,https://www.imdb.com/title/tt3801314/?ref_=fea_eds_center-3_IndiaTop250_236,Joseph Vijay,Samantha Ruth Prabhu
Gangaajal,7.8,2003,Prakash Jha,Prakash Jha,23.0,Action,"An IPS officer motivates and leads a dysfunctional, corrupt police force of Tezpur to fight against the corrupt politician.",https://www.imdb.com/title/tt0373856/?ref_=fea_eds_center-3_IndiaTop250_237,Ajay Devgn,Gracy Singh
The Lunchbox,7.8,2013,Ritesh Batra,Ritesh Batra,262.0,Drama,A mistaken delivery in Mumbai's famously efficient lunchbox delivery system connects a young housewife to an older man in the dusk of his life as they build a fantasy world together through ... Read all,https://www.imdb.com/title/tt2350496/?ref_=fea_eds_center-3_IndiaTop250_238,Irrfan Khan,Nimrat Kaur
Oopiri,8.0,2016,Vamshi Paidipally,Hari,21.0,Comedy,"Impressed by his carefree attitude, quadriplegic multi-billionaire Vikram hires a convict out on parole as his caretaker. What follows is a string of life lessons they learn from each other.",https://www.imdb.com/title/tt5039054/?ref_=fea_eds_center-3_IndiaTop250_239,Nagarjuna Akkineni,Karthi
Mumbai Police,7.9,2013,Rosshan Andrrews,Bobby,36.0,Crime,"ACP Antony is the only one who knows the truth behind ACP Aaryan's murder. Antony meets with an accident, losing his memory and is unable to reveal the killer. He is forced to investigate th... Read all",https://www.imdb.com/title/tt2924472/?ref_=fea_eds_center-3_IndiaTop250_240,Prithviraj Sukumaran,Jayasurya
Veer-Zaara,7.8,2004,Yash Chopra,Aditya Chopra,196.0,Drama,"""Veer-Zaara"" is a saga of love, separation, courage, and sacrifice. A love story that is an inspiration and will remain a legend forever.",https://www.imdb.com/title/tt0420332/?ref_=fea_eds_center-3_IndiaTop250_241,Shah Rukh Khan,Preity G Zinta
Manam,8.0,2014,Vikram K. Kumar,Harshavardhan,37.0,Comedy,"Through reincarnation, family members are able to cross generations and meddle in each others' lives.",https://www.imdb.com/title/tt2926068/?ref_=fea_eds_center-3_IndiaTop250_242,Akkineni Nageswara Rao,Nagarjuna Akkineni
Unnaipol Oruvan,8.0,2009,Chakri Toleti,Kamal Haasan,14.0,Action,A retiring police officer remembers a thrilling case of his life which is not recorded in any case files.,https://www.imdb.com/title/tt1417299/?ref_=fea_eds_center-3_IndiaTop250_243,Kamal Haasan,Venkatesh Daggubati
Leader,8.0,2010,Sekhar Kammula,Sekhar Kammula,15.0,Drama,"A well educated idealist, who is a son of Political leader in power wants to correct the rigged political system of favors and corruption. However, this soon becomes a game of power. How wou... Read all",https://www.imdb.com/title/tt1613040/?ref_=fea_eds_center-3_IndiaTop250_244,Rana Daggubati,Richa Langella
Article 370,7.9,2024,Aditya Suhas Jambhale,Aditya Dhar,192.0,Action,"Ahead of a major constitutional decision, special agent Zooni Haksar is tasked with a secret mission to quell violence in a conflict-ridden region.",https://www.imdb.com/title/tt30970235/?ref_=fea_eds_center-3_IndiaTop250_245,Yami Gautam,Mohan Agashe
Ayirathil Oruvan,8.0,2010,K. Selvaraghavan,Rishabh Purohit,69.0,Action,"Anitha, a government official, embarks on a journey to find Chandramouli, an archaeologist, who went to Vietnam to search for any existence of the prince of the Chola dynasty.",https://www.imdb.com/title/tt1512888/?ref_=fea_eds_center-3_IndiaTop250_246,Karthi,Reema Sen
Ab Tak Chhappan,7.8,2004,Shimit Amin,Sandeep Shrivastava,28.0,Crime,"Sadhu, an encounter specialist, is armed with a personal vendetta to find and kill the gangsters responsible for his wife's death.",https://www.imdb.com/title/tt0402014/?ref_=fea_eds_center-3_IndiaTop250_247,Nana Patekar,Revathi
Dada,8.1,2023,Ganesh K. Babu,Ganesh K. Babu,38.0,Drama,"A couple in love, accidentally become teenage parents. Unpleasant situations make them fall apart. Manikandan, left alone with his son, struggles as a single teenage father. Fate owns him, b... Read all",https://www.imdb.com/title/tt25405130/?ref_=fea_eds_center-3_IndiaTop250_248,Kavin,Aparna Das
Poove Unakkaga,8.6,1996,Vikraman,Vikraman,49.0,Comedy,"When a man realizes that the Hindu woman he loves is in love with a Christian man, he decides to sacrifice his love and unite their families so as to make the love story a success.",https://www.imdb.com/title/tt2325915/?ref_=fea_eds_center-3_IndiaTop250_249,Joseph Vijay,Sangeetha
